id,first_name,last_name,gender,age,email,adress,salary,country,job,last_company
1,Gregoor,Windham,Male,41,gwindham0@cdc.gov,784 East Park,6088,Netherlands,Programmer III,Dabtype
2,Staci,Briat,Female,48,sbriat1@bing.com,271 Spenser Terrace,4421,Guatemala,Information Systems Manager,Realcube
3,Grace,Gymblett,Female,37,ggymblett2@marketwatch.com,22 Nelson Crossing,3366,Poland,Graphic Designer,Zoomcast
4,Reggy,Marley,Female,25,rmarley3@hugedomains.com,8885 Thierer Terrace,2155,Myanmar,Staff Scientist,Gabspot
5,Fredi,Stirling,Female,60,fstirling4@t.co,2 Algoma Junction,3991,Philippines,Research Associate,Realcube
6,Willow,Saffer,Female,38,wsaffer5@storify.com,078 Waxwing Lane,5091,Peru,Occupational Therapist,Gabcube
7,Eve,Cocks,Male,37,ecocks6@opera.com,017 Grasskamp Point,4122,China,Professor,Vitz
8,Corliss,Joire,Female,57,cjoire7@hatena.ne.jp,71424 Weeping Birch Hill,4162,France,Environmental Specialist,Vidoo
9,Adolphus,Beddon,Female,28,abeddon8@discuz.net,85 Bultman Avenue,4679,China,Tax Accountant,Yotz
10,Britteny,Fourcade,Female,52,bfourcade9@bluehost.com,641 Helena Pass,5850,Indonesia,Teacher,Rhynyx
11,Alastair,Millery,Male,51,amillerya@europa.eu,1173 Division Street,1671,Norway,Librarian,Edgetag
12,Susannah,Dedmam,Female,24,sdedmamb@e-recht24.de,5 Havey Court,6350,China,Sales Associate,Meemm
13,Belva,Graeme,Male,57,bgraemec@berkeley.edu,3 Northport Crossing,2982,Indonesia,Operator,Brainsphere
14,Davina,Lebreton,Female,48,dlebretond@upenn.edu,71149 Scofield Trail,6429,Peru,Geologist I,Voonix
15,Wendy,Brane,Female,30,wbranee@acquirethisname.com,0 Oakridge Way,5662,Czech Republic,Administrative Officer,Topicstorm
16,Kyle,Summerly,Male,60,ksummerlyf@telegraph.co.uk,568 Pankratz Way,3483,Cameroon,Office Assistant I,LiveZ
17,Reinhard,Shergill,Female,33,rshergillg@soundcloud.com,154 Sloan Parkway,5739,Indonesia,Business Systems Development Analyst,Jaxworks
18,Aile,MacSherry,Female,63,amacsherryh@smugmug.com,6 Delladonna Crossing,2752,Philippines,Senior Quality Engineer,Topicware
19,Tobin,Quin,Male,26,tquini@cbsnews.com,6754 Kingsford Crossing,3560,Canada,Civil Engineer,Fliptune
20,Heida,Bownde,Male,35,hbowndej@freewebs.com,753 Eggendart Hill,4544,France,Health Coach II,Jabbersphere
21,Cortney,Lockhurst,Male,65,clockhurstk@smh.com.au,5316 Hoepker Alley,4088,Indonesia,Software Consultant,Youfeed
22,Clarissa,Durnill,Male,61,cdurnilll@sphinn.com,455 Mayer Circle,4265,Kosovo,Recruiter,Janyx
23,Grannie,Brauns,Male,,gbraunsm@mozilla.org,75 Caliangt Road,2944,Ukraine,Biostatistician III,
24,Grantley,Binch,Male,54,gbinchn@sitemeter.com,6 Milwaukee Court,1788,Philippines,Senior Sales Associate,Realblab
25,Silvan,Blazewski,Male,30,sblazewskio@spiegel.de,49673 Crownhardt Park,5764,China,Teacher,Avavee
26,Beverlee,Layhe,Female,45,blayhep@yellowbook.com,1 Village Place,1423,Portugal,Professor,Zoombox
27,Jdavie,Rapps,Female,34,jrappsq@ucla.edu,49 Golf Course Center,3619,Russia,Health Coach I,Edgewire
28,Englebert,Twelvetrees,Female,41,etwelvetreesr@posterous.com,40600 Corry Point,2763,Indonesia,Junior Executive,Quaxo
29,Ali,Labden,Female,61,alabdens@elegantthemes.com,188 Arrowood Lane,2559,China,Chemical Engineer,Yabox
30,Osmond,Brumble,Male,47,obrumblet@mit.edu,55002 Oak Valley Lane,4618,France,Compensation Analyst,Vipe
31,Emilio,Brezlaw,Female,,ebrezlawu@yolasite.com,413 Tennessee Circle,3591,Poland,Recruiter,
32,Lois,Ellacombe,Female,36,lellacombev@stumbleupon.com,38 Gale Circle,2946,Indonesia,Programmer Analyst II,Divape
33,Melisse,Gannicott,Female,33,mgannicottw@phpbb.com,2247 Miller Street,5746,Japan,Assistant Professor,Realfire
34,Devon,Brady,Male,44,dbradyx@tripod.com,27709 Hayes Circle,1752,Aland Islands,Programmer Analyst III,JumpXS
35,Aube,Minico,Female,30,aminicoy@myspace.com,5181 East Center,1567,Russia,Research Assistant II,Quatz
36,Kelli,Cogar,Female,21,kcogarz@over-blog.com,32 Hintze Trail,2749,China,Developer II,Fatz
37,Celia,Weekland,Male,,cweekland10@nydailynews.com,11125 Moland Plaza,1766,Brazil,Recruiter,
38,Schuyler,Adriaan,Male,54,sadriaan11@dion.ne.jp,76 Dayton Court,3144,Bulgaria,Account Coordinator,Zoombeat
39,Obed,D'Adamo,Female,23,odadamo12@mysql.com,22 Corry Place,6128,China,Analog Circuit Design manager,Tagchat
40,Waylan,Staning,Male,38,wstaning13@geocities.jp,7459 Scofield Road,1900,Republic of the Congo,Budget/Accounting Analyst III,Yotz
41,Donia,Hargrove,Male,46,dhargrove14@twitpic.com,934 Comanche Terrace,5665,Slovenia,VP Sales,Feedbug
42,Stefanie,Grzelewski,Female,,sgrzelewski15@loc.gov,2 Stoughton Way,3062,Indonesia,Web Designer IV,
43,Hilary,Fitzsimmons,Male,35,hfitzsimmons16@comsenz.com,9 Burrows Plaza,3829,Indonesia,Environmental Tech,Avaveo
44,Johan,Leaning,Male,20,jleaning17@washington.edu,2415 Center Park,4865,Finland,VP Quality Control,Quinu
45,Renaldo,Gouldbourn,Female,,rgouldbourn18@hao123.com,199 Pankratz Pass,3813,Brazil,Nurse,
46,Angelika,Humphries,Male,24,ahumphries19@eventbrite.com,06822 Bunting Avenue,2664,Peru,Marketing Manager,Fatz
47,Terri-jo,Earles,Male,36,tearles1a@irs.gov,6278 Magdeline Lane,3143,France,Geological Engineer,Browsecat
48,Anson,Hymans,Male,39,ahymans1b@opera.com,2 Elgar Center,3145,Philippines,Editor,Meeveo
49,Cissy,Bartholin,Female,61,cbartholin1c@nps.gov,16790 Dapin Center,5462,Sweden,Developer I,Yoveo
50,Tamas,Lampe,Male,23,tlampe1d@howstuffworks.com,73 Northview Drive,3817,Indonesia,Account Representative III,Skinix
51,Layton,Le Count,Male,57,llecount1e@t-online.de,768 Ryan Place,2601,China,Marketing Manager,Jetpulse
52,Toinette,Sherborn,Male,61,tsherborn1f@guardian.co.uk,51 Haas Hill,5633,Georgia,Physical Therapy Assistant,Dabfeed
53,Dusty,Fassmann,Female,53,dfassmann1g@imageshack.us,0 Amoth Point,6282,Zambia,Geologist III,Zazio
54,Mari,Dance,Male,65,mdance1h@latimes.com,2181 Sycamore Hill,5876,China,Quality Control Specialist,Leenti
55,Lindi,Boate,Female,25,lboate1i@nationalgeographic.com,6 Truax Alley,5148,Philippines,Media Manager II,Jatri
56,Timoteo,Matley,Male,60,tmatley1j@wikia.com,987 Reinke Court,2885,Japan,Chief Design Engineer,Buzzbean
57,Deanna,Matthew,Male,63,dmatthew1k@ucoz.ru,3125 Stone Corner Junction,6244,Indonesia,Software Engineer II,Oyondu
58,Blair,Dowers,Female,55,bdowers1l@mapquest.com,73147 Fulton Court,5770,Portugal,Professor,Topicware
59,Annabel,Fosdick,Female,25,afosdick1m@state.gov,453 Shasta Terrace,4525,China,Administrative Officer,Brightbean
60,Jarvis,Biasotti,Female,29,jbiasotti1n@businesswire.com,771 Miller Park,6325,France,Graphic Designer,Dynabox
61,Jeffry,Bloxham,Male,25,jbloxham1o@ameblo.jp,8810 Anhalt Avenue,1526,Poland,Staff Scientist,Jabbercube
62,Gusta,Wakeham,Female,38,gwakeham1p@state.tx.us,14879 Oak Valley Plaza,3378,France,Speech Pathologist,Tambee
63,Dana,Josefson,Female,,djosefson1q@unesco.org,9511 Ronald Regan Drive,4909,Haiti,Financial Advisor,
64,Cairistiona,Densun,Male,50,cdensun1r@who.int,36867 Reinke Plaza,6324,Jamaica,Assistant Manager,Browsecat
65,Kaylee,Genner,Male,23,kgenner1s@omniture.com,7218 Jenna Plaza,3690,Russia,Structural Analysis Engineer,Katz
66,Kellie,Bouchier,Male,46,kbouchier1t@reference.com,94 Scofield Drive,4145,Indonesia,Web Developer IV,Skibox
67,Suzann,Leggin,Female,63,sleggin1u@google.co.uk,7031 Village Park,4703,Pakistan,Marketing Assistant,Lajo
68,Idalia,Flintuff,Female,20,iflintuff1v@ca.gov,56 Dayton Street,2589,United Kingdom,Cost Accountant,Jabberbean
69,Austin,Maudsley,Male,23,amaudsley1w@webnode.com,12 Fisk Way,5709,Indonesia,Dental Hygienist,Skippad
70,Walton,Plail,Male,20,wplail1x@dropbox.com,04 Westport Pass,3300,United States,Chief Design Engineer,Riffpedia
71,Sawyer,Gomez,Male,58,sgomez1y@ft.com,16510 Forest Dale Junction,3520,Cuba,Marketing Assistant,Centizu
72,Rafferty,Bertram,Male,24,rbertram1z@illinois.edu,7 Hudson Trail,5773,Canada,Paralegal,Jabbertype
73,Verna,Ezzell,Male,,vezzell20@zdnet.com,51290 Northfield Pass,1941,Portugal,Automation Specialist IV,
74,Baillie,Phillimore,Male,39,bphillimore21@amazon.co.uk,94765 Bluestem Street,3402,Tunisia,Dental Hygienist,Skibox
75,Genevieve,Bartholomaus,Male,29,gbartholomaus22@deliciousdays.com,66445 Transport Terrace,2001,Thailand,Sales Representative,Eimbee
76,Ally,Wandless,Female,57,awandless23@google.co.uk,365 Luster Way,2726,Russia,Environmental Tech,Realbuzz
77,Nanete,Ogbourne,Male,39,nogbourne24@themeforest.net,4 Reindahl Point,3910,China,Junior Executive,Buzzbean
78,Georges,Girardetti,Female,29,ggirardetti25@gravatar.com,868 Esker Crossing,4792,Croatia,Senior Editor,Buzzster
79,Gonzalo,Barkus,Male,,gbarkus26@apple.com,05 Bluejay Park,1424,China,Food Chemist,
80,Ardis,Jirka,Female,60,ajirka27@unesco.org,8 Butternut Place,5268,Bahrain,Junior Executive,Browsetype
81,Rebecca,Estable,Male,25,restable28@opera.com,43997 Loomis Park,5322,China,Geological Engineer,Kwimbee
82,Kari,Cancellieri,Female,63,kcancellieri29@geocities.com,49180 Anniversary Lane,4724,Poland,Human Resources Manager,Quatz
83,Randy,Lattos,Male,30,rlattos2a@freewebs.com,634 Luster Street,3048,Sweden,Programmer I,Thoughtbridge
84,Amabel,Eldrid,Female,59,aeldrid2b@prnewswire.com,5259 Schurz Street,2679,China,Web Developer II,Centimia
85,Christi,Aucutt,Female,64,caucutt2c@dedecms.com,92364 Buena Vista Way,2037,Indonesia,Operator,Plajo
86,Giffard,Harmstone,Female,27,gharmstone2d@example.com,377 Melody Center,2639,Ukraine,Financial Analyst,Oodoo
87,Joya,Paish,Female,60,jpaish2e@uiuc.edu,4 Anderson Junction,2565,China,Senior Sales Associate,Wikizz
88,Ondrea,De Souza,Male,25,odesouza2f@kickstarter.com,30538 Anzinger Junction,3961,Venezuela,Web Developer I,Voonder
89,Temple,Spurrior,Female,,tspurrior2g@tiny.cc,57438 Corscot Court,4681,Philippines,Assistant Media Planner,
90,Wenda,Maiklem,Female,65,wmaiklem2h@google.cn,91921 Stuart Street,5752,China,Community Outreach Specialist,Camimbo
91,Augie,Trahearn,Male,55,atrahearn2i@plala.or.jp,33217 Fairfield Place,2589,Canada,Software Consultant,Realbuzz
92,Thomas,Stobbes,Male,41,tstobbes2j@vkontakte.ru,68 Dorton Way,5052,Indonesia,GIS Technical Architect,Jaxworks
93,Filmer,Scarsbrooke,Male,45,fscarsbrooke2k@dyndns.org,73753 Schlimgen Place,6239,Kenya,Pharmacist,Oloo
94,Lenee,Anstey,Male,65,lanstey2l@vinaora.com,46 Marcy Circle,4363,Brazil,Design Engineer,Skinix
95,Jilly,Behagg,Female,25,jbehagg2m@smh.com.au,03 Eliot Way,4900,China,Associate Professor,Fliptune
96,Pate,Manach,Male,,pmanach2n@paypal.com,0162 Huxley Street,4159,Finland,Research Assistant II,
97,Tuckie,Schultz,Female,63,tschultz2o@a8.net,92 Dahle Road,4230,Poland,Paralegal,Shuffledrive
98,Sly,Hawkswood,Female,57,shawkswood2p@craigslist.org,4 Loomis Crossing,6189,Brazil,Account Executive,Miboo
99,Raoul,Mellon,Male,48,rmellon2q@java.com,3 Farwell Way,4881,Pakistan,Structural Engineer,Thoughtblab
100,Carolan,Shermore,Male,46,cshermore2r@t.co,952 Blue Bill Park Parkway,3428,China,Recruiting Manager,Trunyx
101,Arabel,Lindenbaum,Female,21,alindenbaum2s@flavors.me,8 Goodland Drive,5454,Argentina,Associate Professor,Feedmix
102,Janella,Altoft,Female,40,jaltoft2t@over-blog.com,54000 Mayfield Alley,4901,Peru,Analyst Programmer,Cogibox
103,Kennan,Dingsdale,Female,44,kdingsdale2u@surveymonkey.com,90 Butternut Crossing,1981,Indonesia,Staff Scientist,Topicware
104,Hedwig,Castro,Male,30,hcastro2v@cbslocal.com,61256 Logan Circle,5817,Nigeria,Community Outreach Specialist,Tagtune
105,Dayle,Toyer,Female,56,dtoyer2w@woothemes.com,3 Gale Place,2839,China,VP Marketing,Meetz
106,Shaw,Archbold,Male,33,sarchbold2x@goo.gl,47120 Roth Center,4342,Indonesia,Software Engineer III,Mybuzz
107,Glynda,McMurraya,Female,,gmcmurraya2y@nps.gov,01453 Prairieview Court,6018,Indonesia,Marketing Manager,
108,Gabrielle,Iglesia,Male,48,giglesia2z@japanpost.jp,0 Eastwood Terrace,5982,Indonesia,Quality Engineer,Lazzy
109,Sarena,Radolf,Female,26,sradolf30@spiegel.de,8 Maryland Avenue,3993,Mongolia,Health Coach I,Roomm
110,Reinald,Jann,Female,57,rjann31@acquirethisname.com,66 Delladonna Crossing,2811,Iran,Computer Systems Analyst I,Zooxo
111,Drusilla,Mattielli,Male,17,dmattielli32@zimbio.com,85 Mallard Way,2510,China,Budget/Accounting Analyst II,Kare
112,Iseabal,Render,Male,29,irender33@bloglines.com,49 Vera Plaza,6457,China,Food Chemist,Agimba
113,Virgie,Mougenel,Male,34,vmougenel34@tmall.com,105 Mesta Parkway,2791,Indonesia,Human Resources Manager,Blognation
114,Lorrayne,Rothman,Female,28,lrothman35@tiny.cc,29606 Vera Trail,6068,China,Project Manager,Twitterworks
115,Chere,Mordy,Male,23,cmordy36@barnesandnoble.com,1 Parkside Road,4536,Poland,Financial Advisor,Topiclounge
116,Parry,Anfonsi,Male,30,panfonsi37@unicef.org,88 Brentwood Drive,5184,China,Financial Analyst,Buzzbean
117,Peter,Sambrook,Female,45,psambrook38@marketwatch.com,292 Spenser Plaza,4051,Indonesia,Help Desk Operator,Avamba
118,Codie,Persicke,Female,16,cpersicke39@yellowpages.com,76448 Village Green Drive,5899,United States,Programmer Analyst IV,Topicblab
119,Gianna,Yardy,Female,24,gyardy3a@google.it,4 Logan Crossing,5553,Benin,Help Desk Technician,Twinder
120,Damien,Miquelet,Male,50,dmiquelet3b@deliciousdays.com,566 Harbort Trail,2610,Cyprus,Quality Control Specialist,Tagfeed
121,La verne,Poundesford,Male,,lpoundesford3c@technorati.com,62 Roxbury Alley,6252,Malaysia,Structural Engineer,
122,Rubina,Blazek,Female,41,rblazek3d@tmall.com,01981 Nova Hill,1764,Albania,Senior Quality Engineer,Mynte
123,Kim,Dalziell,Male,38,kdalziell3e@indiegogo.com,30685 Farmco Lane,6099,Azerbaijan,Chief Design Engineer,Zooveo
124,Margarete,Seyfart,Female,26,mseyfart3f@phoca.cz,0171 Pawling Park,1787,Brazil,Human Resources Assistant II,Wikizz
125,Corine,Heinel,Male,54,cheinel3g@photobucket.com,7624 Sachtjen Plaza,5173,Sweden,Nurse,Chatterpoint
126,Katha,Rudge,Female,53,krudge3h@yellowpages.com,0 Ohio Drive,1736,China,Civil Engineer,Wikizz
127,Kara,Wherry,Male,50,kwherry3i@imageshack.us,1726 Bayside Park,1659,Afghanistan,Recruiter,Tazz
128,Laney,McAdam,Male,48,lmcadam3j@mayoclinic.com,7 Riverside Plaza,2688,China,Structural Engineer,Skibox
129,Corbet,Sedgefield,Female,40,csedgefield3k@moonfruit.com,5 Scofield Trail,3513,China,Social Worker,Skilith
130,Jacquie,Ruff,Male,31,jruff3l@dropbox.com,5790 Corben Way,5326,Chile,Assistant Manager,Skiba
131,Sarita,Jurisch,Male,42,sjurisch3m@gmpg.org,2799 Mcguire Park,6310,Vietnam,Accounting Assistant II,Skaboo
132,Laurens,Gerber,Male,65,lgerber3n@artisteer.com,6084 Mesta Plaza,6460,Russia,Assistant Media Planner,Photobug
133,Jennette,Gallifont,Male,48,jgallifont3o@usgs.gov,3 Myrtle Parkway,3912,Russia,Structural Engineer,Gabspot
134,Hakeem,Ropking,Male,51,hropking3p@un.org,4 Atwood Point,5755,Brazil,Social Worker,Buzzster
135,Gwendolin,Kliement,Male,61,gkliement3q@amazon.de,7512 Nova Plaza,4299,China,Editor,Lazzy
136,Rudy,Lorraine,Female,33,rlorraine3r@sciencedaily.com,01496 Haas Way,4646,Philippines,Software Test Engineer II,Fivechat
137,Stanwood,Jirick,Male,47,sjirick3s@hud.gov,93483 Autumn Leaf Trail,1481,China,Assistant Manager,Topicware
138,Estell,Musker,Female,17,emusker3t@nifty.com,7 Schlimgen Trail,5925,France,Technical Writer,Lazz
139,Oralia,Gurrado,Female,22,ogurrado3u@miitbeian.gov.cn,9701 Declaration Point,1935,China,GIS Technical Architect,Agivu
140,Celia,Volcker,Female,46,cvolcker3v@studiopress.com,37 Brentwood Park,2693,Madagascar,Legal Assistant,Kazio
141,Milka,Fawcus,Male,52,mfawcus3w@yahoo.co.jp,4525 8th Hill,2269,China,Marketing Assistant,Meejo
142,Toby,Bundey,Female,50,tbundey3x@ebay.com,81745 Towne Way,2485,China,Financial Analyst,Omba
143,Mallorie,O' Borne,Female,54,moborne3y@smugmug.com,65873 Anhalt Avenue,6380,Thailand,Staff Scientist,Wordware
144,Maure,Hoffman,Male,42,mhoffman3z@digg.com,5 Stephen Street,1776,Philippines,Data Coordiator,Skyba
145,Winnah,Kobierski,Female,28,wkobierski40@shareasale.com,72 Brown Street,6395,China,Editor,Gabtype
146,Glennis,Goldston,Female,38,ggoldston41@fda.gov,3 Old Shore Drive,5265,China,Associate Professor,Gabcube
147,Farleigh,Meads,Female,41,fmeads42@live.com,568 Kipling Street,1507,Indonesia,Chemical Engineer,Nlounge
148,Cad,Hallford,Male,28,challford43@51.la,16 Jay Crossing,5061,Australia,Administrative Assistant I,Yodel
149,Kipp,Brende,Male,45,kbrende44@va.gov,93 Clemons Point,6371,Albania,Structural Engineer,Realblab
150,Kay,McWhan,Female,21,kmcwhan45@dmoz.org,0201 Village Green Road,3807,South Korea,Senior Financial Analyst,Topiczoom
151,Wilbert,Shepherdson,Female,19,wshepherdson46@mediafire.com,3702 Emmet Court,6384,China,Accountant IV,Eabox
152,Koressa,Whybrow,Female,50,kwhybrow47@chicagotribune.com,9508 Kingsford Street,4389,Indonesia,Web Developer I,Voonix
153,Brendan,Hillatt,Male,34,bhillatt48@moonfruit.com,74943 Union Drive,3787,United States,Electrical Engineer,Skivee
154,Agatha,Nasi,Female,24,anasi49@irs.gov,554 Northview Circle,6266,Uganda,Office Assistant IV,Skyndu
155,Arlen,Gaylard,Female,,agaylard4a@joomla.org,40 Boyd Lane,3533,France,Office Assistant III,
156,Scarlet,Loblie,Male,31,sloblie4b@msn.com,03 Logan Terrace,1467,Philippines,Analog Circuit Design manager,Wordware
157,Lorain,Samme,Male,,lsamme4c@state.tx.us,48 Stoughton Street,5038,South Korea,Nurse,
158,Douglas,Nuccitelli,Male,37,dnuccitelli4d@yahoo.com,371 Longview Plaza,1411,United States,Community Outreach Specialist,Dabjam
159,Toddy,Shoulder,Male,35,tshoulder4e@infoseek.co.jp,7 Steensland Avenue,4493,Indonesia,Geological Engineer,Avavee
160,Lori,McReedy,Female,61,lmcreedy4f@ycombinator.com,8 Kings Lane,4227,Indonesia,Assistant Professor,Quamba
161,Cariotta,Monkley,Female,22,cmonkley4g@jugem.jp,82 Troy Junction,2961,Botswana,Human Resources Manager,Skibox
162,Micheline,Paver,Female,40,mpaver4h@bigcartel.com,394 David Terrace,3919,China,Account Coordinator,Reallinks
163,Bea,Denisovich,Male,27,bdenisovich4i@jugem.jp,437 Nelson Avenue,5853,Philippines,Registered Nurse,Kwideo
164,Dame,Hartless,Male,28,dhartless4j@woothemes.com,9 Mayer Hill,1690,Yemen,Help Desk Technician,Yodel
165,Dulci,MacGown,Male,26,dmacgown4k@huffingtonpost.com,90669 Ludington Park,2049,Argentina,Software Test Engineer I,Skilith
166,Jilleen,Weatherall,Male,43,jweatherall4l@reference.com,108 Stoughton Road,5889,United States,Internal Auditor,Nlounge
167,Leshia,Ysson,Female,47,lysson4m@slate.com,74 Melrose Point,1452,Ivory Coast,Internal Auditor,Quinu
168,Sibilla,Canape,Female,,scanape4n@icq.com,40166 Carey Circle,4285,Poland,Professor,
169,Beatrice,Dewey,Female,53,bdewey4o@google.de,24 Stoughton Road,4761,France,Chemical Engineer,Feednation
170,Shela,Fredi,Male,36,sfredi4p@tmall.com,22 Waywood Place,4279,Costa Rica,Actuary,Gabvine
171,Bethanne,Jukes,Female,26,bjukes4q@google.co.jp,98561 Fremont Pass,5757,Philippines,Senior Quality Engineer,Quatz
172,Jewel,Ferriere,Female,50,jferriere4r@fema.gov,1 Karstens Parkway,5504,Philippines,Project Manager,Yata
173,Vernice,Frankton,Male,58,vfrankton4s@issuu.com,982 Cherokee Point,2766,China,Research Assistant III,Wordify
174,Alane,Bote,Female,23,abote4t@lulu.com,93 Tomscot Parkway,4874,Philippines,Food Chemist,Fatz
175,Rex,Pozzi,Female,55,rpozzi4u@twitter.com,7900 Bowman Crossing,6261,Azerbaijan,Human Resources Manager,Jabbercube
176,Val,Farady,Male,55,vfarady4v@fda.gov,52 Rusk Park,3029,Nigeria,Engineer IV,Mynte
177,Marlena,Masser,Female,29,mmasser4w@mac.com,4308 Cody Center,1697,Russia,Business Systems Development Analyst,Thoughtblab
178,Flo,Mulholland,Male,57,fmulholland4x@weebly.com,62 Bultman Trail,5071,China,Media Manager II,Voonder
179,Imogene,Mallaby,Male,62,imallaby4y@boston.com,99524 Ludington Way,5222,South Africa,Electrical Engineer,Twitterworks
180,Sean,de Bullion,Female,29,sdebullion4z@opera.com,0148 Bartelt Way,3984,Indonesia,Electrical Engineer,Skaboo
181,Cortie,Kenson,Female,30,ckenson50@histats.com,5 Vernon Parkway,3229,China,Accountant III,Shufflester
182,Jacinta,Bushrod,Male,17,jbushrod51@china.com.cn,73433 Chive Trail,2952,Malawi,Engineer IV,Twitterwire
183,Rori,Casillas,Female,27,rcasillas52@arstechnica.com,48012 Stuart Park,5091,Philippines,Director of Sales,Dabvine
184,Reuven,Joontjes,Male,41,rjoontjes53@chron.com,302 Del Mar Court,3260,Mozambique,Sales Representative,Dynazzy
185,Mercie,Dosdill,Female,39,mdosdill54@amazon.de,9 Golf Plaza,3151,Poland,Nurse Practicioner,Twiyo
186,Jolie,Ive,Female,53,jive55@who.int,52568 Springview Way,5147,China,Help Desk Technician,Fatz
187,Whitby,Case,Female,38,wcase56@w3.org,38106 Warrior Hill,1721,France,VP Sales,Skinte
188,Malia,Flewan,Female,24,mflewan57@ucla.edu,652 Fairview Hill,2961,Greece,Compensation Analyst,Realcube
189,Inez,Bayles,Female,65,ibayles58@usda.gov,946 Corry Plaza,2567,Syria,Help Desk Operator,Jabbercube
190,Kinsley,Dono,Male,24,kdono59@mysql.com,27 5th Point,6186,China,Community Outreach Specialist,Gabtune
191,Brock,Simper,Male,42,bsimper5a@altervista.org,35290 Grim Park,4988,French Polynesia,Administrative Assistant IV,Photofeed
192,Tammie,Neathway,Male,,tneathway5b@csmonitor.com,4 Mariners Cove Alley,5219,China,Professor,
193,Trudy,Frankcom,Male,18,tfrankcom5c@uol.com.br,270 Victoria Court,4189,Vietnam,Chemical Engineer,Pixoboo
194,Ianthe,Lushey,Female,65,ilushey5d@livejournal.com,182 Upham Point,3947,Russia,Financial Analyst,Youtags
195,Townie,Walczynski,Female,24,twalczynski5e@theglobeandmail.com,91 Kim Crossing,2401,China,Nuclear Power Engineer,Eamia
196,Hobard,McDermid,Female,56,hmcdermid5f@toplist.cz,789 Commercial Point,2956,Colombia,Marketing Manager,Quinu
197,Reed,Surridge,Male,49,rsurridge5g@ed.gov,260 Dryden Park,1668,Indonesia,Programmer I,Fadeo
198,Dore,Soans,Male,49,dsoans5h@ftc.gov,065 Norway Maple Way,3350,China,Administrative Assistant III,Avaveo
199,Clemmie,Thebeaud,Male,,cthebeaud5i@soup.io,87042 Granby Avenue,2036,China,Database Administrator III,
200,Geri,McAnalley,Female,,gmcanalley5j@drupal.org,8619 Becker Pass,3230,Argentina,Sales Associate,
201,Tanny,Aldin,Male,,taldin5k@ihg.com,0 Northridge Hill,3191,China,Biostatistician IV,
202,Wally,Alejandro,Male,30,walejandro5l@nytimes.com,94474 Sheridan Plaza,1774,Turkmenistan,Financial Advisor,Realblab
203,Armando,Gimblett,Female,26,agimblett5m@hatena.ne.jp,5 Welch Parkway,1578,China,Analyst Programmer,Demizz
204,Meggie,Duckels,Male,41,mduckels5n@europa.eu,7199 Merry Avenue,3154,Azerbaijan,Account Representative IV,Jabbersphere
205,Trixi,McWhinnie,Female,,tmcwhinnie5o@sina.com.cn,5 Atwood Center,1794,United States,Account Representative I,
206,L;urette,Dalling,Female,27,ldalling5p@pinterest.com,73543 Kedzie Pass,3949,Greece,Assistant Media Planner,Edgeblab
207,Ardith,Farnsworth,Male,63,afarnsworth5q@nydailynews.com,84 Jenifer Drive,5106,Philippines,Associate Professor,Photobug
208,Shoshanna,Trowsdall,Female,47,strowsdall5r@cocolog-nifty.com,16324 Rutledge Lane,1998,Norway,Staff Scientist,Jetwire
209,Reg,Fitzhenry,Female,23,rfitzhenry5s@jugem.jp,98449 Eastlawn Lane,4740,Thailand,Internal Auditor,Vipe
210,Kerk,Ilchenko,Male,40,kilchenko5t@ifeng.com,21 Roxbury Court,4328,China,Assistant Manager,Jatri
211,Queenie,Hutley,Female,20,qhutley5u@indiatimes.com,9 Holy Cross Court,3498,Thailand,Paralegal,Yodel
212,Ulberto,Mathouse,Male,48,umathouse5v@wiley.com,44 Blackbird Terrace,4743,France,Marketing Assistant,Quamba
213,Josiah,Radmore,Male,24,jradmore5w@engadget.com,04074 Doe Crossing Parkway,6206,Latvia,Health Coach IV,Dabjam
214,Susanne,Thorneley,Female,22,sthorneley5x@smh.com.au,17 Maywood Junction,5964,Sweden,Information Systems Manager,Jabbertype
215,Luciano,Yarmouth,Male,27,lyarmouth5y@plala.or.jp,8842 Blaine Crossing,5192,Indonesia,Software Consultant,Trilia
216,Ash,Bernardos,Female,62,abernardos5z@tripadvisor.com,5378 Little Fleur Avenue,3255,Portugal,Systems Administrator IV,Kwilith
217,Benedikt,Richin,Male,30,brichin60@zimbio.com,8526 Fuller Park,6289,Indonesia,Marketing Assistant,Innotype
218,Zebedee,Squeers,Male,21,zsqueers61@google.co.uk,32593 Lakewood Gardens Lane,3155,Peru,Assistant Media Planner,Camimbo
219,Bel,Zima,Female,37,bzima62@furl.net,4 Beilfuss Point,4153,Brazil,Senior Editor,Browsecat
220,Francyne,Frazier,Male,19,ffrazier63@simplemachines.org,9208 Scofield Street,2662,Nigeria,Research Associate,Plambee
221,Tobiah,McCaughen,Female,57,tmccaughen64@blogs.com,473 Riverside Circle,1888,China,Sales Representative,Geba
222,Orin,Whitehouse,Male,56,owhitehouse65@wix.com,3 Clarendon Terrace,4482,China,Senior Financial Analyst,Agivu
223,Jere,Prestie,Male,,jprestie66@google.ca,01 Maywood Plaza,4617,Angola,Help Desk Technician,
224,Isadore,Diggell,Female,41,idiggell67@netvibes.com,0565 Mandrake Lane,4039,Thailand,VP Sales,Bluezoom
225,Adore,Harness,Male,38,aharness68@google.co.jp,287 Ridgeview Street,3147,Israel,Accounting Assistant I,Jatri
226,Gordon,Anfrey,Male,,ganfrey69@mapquest.com,28050 Monica Lane,3308,Comoros,Teacher,
227,Querida,Megainey,Male,65,qmegainey6a@unc.edu,7 Judy Hill,4052,Sri Lanka,Speech Pathologist,Thoughtbridge
228,Dannel,Heatherington,Female,,dheatherington6b@clickbank.net,160 Debra Court,2626,Macedonia,Senior Quality Engineer,
229,Brooks,Sprull,Male,55,bsprull6c@wikia.com,61401 West Way,4229,Indonesia,Administrative Officer,Dazzlesphere
230,Crissie,Flute,Female,40,cflute6d@discuz.net,484 Heffernan Plaza,5944,Jordan,Assistant Professor,Ooba
231,Alberik,Pringell,Female,62,apringell6e@arizona.edu,9660 Jana Way,6378,Indonesia,Programmer I,Mymm
232,Klarrisa,Beviss,Female,60,kbeviss6f@jigsy.com,3390 Golf View Avenue,5568,Indonesia,Geological Engineer,Voolia
233,Michaelina,Bushen,Female,26,mbushen6g@cornell.edu,6 Melody Park,6369,China,Assistant Manager,Tagchat
234,Roger,Popple,Female,36,rpopple6h@google.com.au,0379 Glendale Crossing,4826,Japan,Community Outreach Specialist,Brainsphere
235,Maurizia,Denisevich,Male,18,mdenisevich6i@rediff.com,84714 Lerdahl Circle,1912,Serbia,Accounting Assistant III,Babbleset
236,Marleah,Brideaux,Female,22,mbrideaux6j@reddit.com,044 Evergreen Road,3317,Brazil,Quality Control Specialist,Browsedrive
237,Lorilee,MacNeill,Male,53,lmacneill6k@sun.com,3350 Coleman Trail,4210,Palestinian Territory,Geologist I,Edgewire
238,Falito,Duffell,Female,16,fduffell6l@ed.gov,644 Melby Hill,4134,Philippines,Programmer Analyst III,Demivee
239,Helena,Gobbet,Male,47,hgobbet6m@tamu.edu,73636 Main Pass,1767,China,Software Engineer I,Omba
240,Royall,Mountney,Female,44,rmountney6n@hhs.gov,7 6th Court,2048,Ukraine,Analog Circuit Design manager,Ntag
241,Rawley,Hartell,Female,29,rhartell6o@51.la,57403 Merchant Avenue,6284,Philippines,Community Outreach Specialist,Bubblebox
242,Berti,Praundlin,Male,25,bpraundlin6p@clickbank.net,1439 Manitowish Plaza,3736,China,Environmental Specialist,Shufflebeat
243,Harrie,Conti,Male,,hconti6q@google.it,1 Waywood Parkway,4365,Guatemala,GIS Technical Architect,
244,Alida,Ratazzi,Female,29,aratazzi6r@chronoengine.com,38 Golf View Way,5066,Colombia,Account Executive,Feedfish
245,Gaile,Rubinivitz,Male,33,grubinivitz6s@upenn.edu,7981 Summit Place,3030,China,Marketing Manager,Latz
246,Tansy,Caskie,Female,51,tcaskie6t@unesco.org,63759 Muir Road,1421,Poland,Human Resources Assistant III,Babbleopia
247,Roz,Jovicevic,Male,18,rjovicevic6u@fc2.com,294 Grayhawk Park,3296,Kosovo,Quality Engineer,Camimbo
248,Elysia,Gough,Male,17,egough6v@squarespace.com,60 Dottie Alley,2435,China,VP Sales,Jabbertype
249,Maryann,Alexandre,Female,,malexandre6w@artisteer.com,1 Bobwhite Way,2236,Denmark,Software Engineer I,
250,Colene,Cummins,Female,53,ccummins6x@guardian.co.uk,658 East Hill,4539,Indonesia,Executive Secretary,Mydo
251,Marcy,Crother,Male,41,mcrother6y@posterous.com,78 Crowley Road,2668,China,Engineer IV,Photobug
252,Meggy,Towl,Female,29,mtowl6z@merriam-webster.com,29244 Utah Road,4229,Philippines,GIS Technical Architect,Realbridge
253,Sayre,Venus,Male,55,svenus70@cam.ac.uk,055 Shoshone Alley,1635,Indonesia,Research Assistant III,Layo
254,Joela,Risebarer,Male,22,jrisebarer71@ow.ly,35 Grayhawk Plaza,2928,China,Systems Administrator II,Jabberstorm
255,Yvon,Pieche,Female,58,ypieche72@devhub.com,48153 Corscot Park,4679,Japan,Recruiting Manager,Aimbu
256,Estell,Shere,Male,19,eshere73@over-blog.com,244 Everett Way,3399,Ukraine,Media Manager I,Wikivu
257,Oliy,Milnthorpe,Female,56,omilnthorpe74@uiuc.edu,550 Vera Drive,3346,Bolivia,Editor,Gabcube
258,Trix,Wesley,Female,41,twesley75@pagesperso-orange.fr,849 Saint Paul Parkway,2483,Gambia,Health Coach IV,Agimba
259,Hamilton,Gooke,Male,61,hgooke76@epa.gov,24 Spenser Drive,4688,South Africa,Product Engineer,Meembee
260,Hayes,Clewer,Male,29,hclewer77@skyrock.com,2166 Banding Plaza,4464,Czech Republic,Chemical Engineer,Miboo
261,Toddy,McDarmid,Female,26,tmcdarmid78@dedecms.com,334 Spaight Plaza,4773,China,Human Resources Assistant I,Aimbu
262,Web,Bromet,Female,17,wbromet79@imdb.com,06 Northland Avenue,1863,China,Senior Cost Accountant,Livetube
263,Rina,Goodread,Male,52,rgoodread7a@gravatar.com,20 Dexter Point,4338,China,VP Sales,Oyope
264,Ericka,Castella,Male,50,ecastella7b@salon.com,2 Carioca Hill,5093,Cuba,Teacher,Blognation
265,Hailey,Gowthorpe,Male,39,hgowthorpe7c@senate.gov,88477 Prairie Rose Drive,4098,Indonesia,Web Developer II,Podcat
266,Gavra,Gumby,Male,23,ggumby7d@businessinsider.com,315 Sundown Drive,4123,Latvia,VP Marketing,Youtags
267,Silvio,Stanney,Male,58,sstanney7e@dell.com,3 Laurel Plaza,4924,Mexico,Pharmacist,Gigabox
268,Zenia,Ead,Male,63,zead7f@indiatimes.com,00075 Eastlawn Trail,5187,Guam,Nurse Practicioner,Thoughtworks
269,Vasili,Lomasny,Male,60,vlomasny7g@weebly.com,001 Monterey Lane,4341,China,Sales Associate,Thoughtbridge
270,Barrie,Brekonridge,Male,57,bbrekonridge7h@who.int,19253 Northwestern Parkway,4140,China,Automation Specialist I,Thoughtsphere
271,Pamelina,Rudland,Male,54,prudland7i@guardian.co.uk,3 Reinke Road,1894,Finland,Operator,Oyondu
272,Otha,Braam,Male,40,obraam7j@merriam-webster.com,950 Schlimgen Way,2004,Portugal,Marketing Assistant,Bubbletube
273,Karena,Blakes,Female,30,kblakes7k@wikia.com,54049 La Follette Place,3600,Nigeria,Environmental Specialist,Zoomcast
274,Jordan,O'Fallowne,Male,41,jofallowne7l@cnet.com,133 Barby Court,3698,Poland,Web Developer II,Yombu
275,Laryssa,Haldon,Female,50,lhaldon7m@purevolume.com,22139 Farmco Point,5186,Greece,Sales Representative,Kwinu
276,Bentlee,Elfleet,Male,59,belfleet7n@cbc.ca,8207 Transport Plaza,1429,Ukraine,Recruiting Manager,Latz
277,Sebastian,Thurgood,Female,31,sthurgood7o@cnet.com,685 Porter Way,3181,Indonesia,Physical Therapy Assistant,Rhybox
278,Urbain,Craze,Female,53,ucraze7p@utexas.edu,0 Stoughton Trail,6105,Philippines,Recruiting Manager,Zoombox
279,Chrisse,Greenall,Female,31,cgreenall7q@hostgator.com,69119 Manufacturers Parkway,2404,Belarus,Marketing Manager,Agimba
280,Adey,Ayrton,Male,53,aayrton7r@examiner.com,90982 Porter Drive,3547,Thailand,Associate Professor,Meejo
281,Reine,Stiles,Female,22,rstiles7s@flavors.me,2 Monument Terrace,2814,Brazil,Software Engineer IV,Tagopia
282,Coral,Kulver,Female,,ckulver7t@posterous.com,2775 Scoville Alley,2155,Philippines,Human Resources Manager,
283,Scotti,MacAscaidh,Female,61,smacascaidh7u@cnbc.com,865 Buhler Point,5895,Czech Republic,Associate Professor,Zoozzy
284,Linnea,Crew,Male,40,lcrew7v@squarespace.com,6 Nobel Parkway,2202,Indonesia,Software Test Engineer III,Shuffledrive
285,Cletis,Ausiello,Male,51,causiello7w@engadget.com,35 Prairieview Trail,6493,France,Account Coordinator,Skimia
286,Heath,Warwicker,Male,44,hwarwicker7x@reddit.com,4 Pearson Road,2502,Colombia,Senior Cost Accountant,Fatz
287,Bancroft,Harlick,Female,44,bharlick7y@tumblr.com,44 Sachtjen Parkway,3858,China,Assistant Manager,Photospace
288,Oswell,Jorden,Male,,ojorden7z@e-recht24.de,5 Lillian Crossing,5122,Ukraine,Internal Auditor,
289,Dorris,McIlmorow,Male,26,dmcilmorow80@ted.com,07149 Bunker Hill Junction,1514,Bosnia and Herzegovina,Computer Systems Analyst III,Twinder
290,Trude,Clooney,Female,60,tclooney81@mac.com,07 Buell Street,1841,Indonesia,Clinical Specialist,Oyoloo
291,Gertie,Chettoe,Male,51,gchettoe82@china.com.cn,554 Lakewood Gardens Way,4830,United States,Geological Engineer,Yozio
292,Leonidas,MacCrachen,Female,,lmaccrachen83@guardian.co.uk,374 Superior Plaza,1751,China,Financial Analyst,
293,Dara,Mulvey,Female,50,dmulvey84@si.edu,96029 Di Loreto Pass,1820,Indonesia,Structural Engineer,Meemm
294,Betty,Given,Female,51,bgiven85@microsoft.com,802 Jana Pass,4501,Russia,Research Associate,Brightbean
295,Baxie,Wakley,Female,20,bwakley86@economist.com,9580 Park Meadow Way,3855,Indonesia,Civil Engineer,Realblab
296,Mandy,Coutts,Male,61,mcoutts87@amazonaws.com,6 David Alley,4961,Ireland,Administrative Assistant III,Skynoodle
297,Ladonna,Terney,Male,42,lterney88@msu.edu,9 Towne Alley,1452,United States,Chemical Engineer,Pixonyx
298,Vin,Minshall,Female,27,vminshall89@nbcnews.com,8669 Walton Center,6099,Japan,VP Quality Control,Fadeo
299,Wandie,Challener,Female,37,wchallener8a@umn.edu,8 Kenwood Street,5866,China,Assistant Professor,Divavu
300,Lorene,Grinin,Male,26,lgrinin8b@time.com,3398 Mosinee Pass,5898,Indonesia,Account Executive,Thoughtstorm
301,Anatol,Bolle,Female,35,abolle8c@hhs.gov,98252 Spohn Court,2764,Czech Republic,Actuary,Twitterlist
302,Larissa,Cauley,Female,,lcauley8d@independent.co.uk,69861 Parkside Circle,3431,China,Professor,
303,Gordon,Ferriere,Female,34,gferriere8e@gmpg.org,54 Forest Dale Trail,4808,Russia,Human Resources Manager,Yoveo
304,Dena,Johnstone,Female,59,djohnstone8f@weather.com,45 Shopko Terrace,4756,Tunisia,Information Systems Manager,Quatz
305,Kiersten,Laybourne,Female,34,klaybourne8g@home.pl,2275 Carberry Plaza,4112,Russia,Marketing Manager,Eire
306,Alene,Jacquot,Male,24,ajacquot8h@zimbio.com,7043 Bobwhite Avenue,6301,Armenia,Accounting Assistant IV,Plajo
307,Catarina,Syrad,Male,43,csyrad8i@xrea.com,2189 Merchant Alley,2898,Honduras,Account Coordinator,Avavee
308,Murial,Hawkswood,Male,60,mhawkswood8j@gov.uk,333 Oxford Avenue,5068,Tanzania,Marketing Manager,Jaloo
309,Richardo,Duns,Male,45,rduns8k@unicef.org,49 South Way,5537,Japan,Graphic Designer,Wikido
310,Cornela,Wasbrough,Male,53,cwasbrough8l@amazonaws.com,7163 David Parkway,2185,Poland,Compensation Analyst,Latz
311,Katrinka,Schubert,Female,22,kschubert8m@hubpages.com,57366 Helena Pass,3458,France,Recruiter,Myworks
312,Greer,McNirlan,Female,30,gmcnirlan8n@europa.eu,7227 Di Loreto Way,3352,Portugal,Teacher,Zooxo
313,Bern,Elgey,Male,37,belgey8o@netvibes.com,0 Jenifer Pass,4352,United States,Director of Sales,Skipstorm
314,Giselbert,Petrolli,Female,64,gpetrolli8p@redcross.org,14 Tennyson Street,6390,Mexico,VP Product Management,Quamba
315,Susana,Whettleton,Female,,swhettleton8q@msu.edu,2 Sugar Terrace,4868,Russia,Account Representative II,
316,Sukey,Spiers,Female,53,sspiers8r@biglobe.ne.jp,16 Riverside Hill,3226,Philippines,Community Outreach Specialist,Mybuzz
317,Bear,Ethridge,Female,62,bethridge8s@samsung.com,96953 Longview Place,2980,China,Staff Accountant II,Photobug
318,Gram,Verbeke,Male,30,gverbeke8t@indiegogo.com,8 Del Mar Place,1442,Thailand,Sales Associate,Twiyo
319,Ede,Swaysland,Male,26,eswaysland8u@prnewswire.com,1 Gale Terrace,4303,Thailand,Account Coordinator,Latz
320,Connor,Gammill,Male,53,cgammill8v@macromedia.com,425 Tennessee Point,2531,China,Community Outreach Specialist,Youopia
321,Alidia,Ritchley,Male,40,aritchley8w@behance.net,0352 Duke Court,5534,Portugal,Structural Engineer,Gigashots
322,Christan,Dufaire,Female,36,cdufaire8x@sphinn.com,81465 Kropf Center,2130,Nigeria,Compensation Analyst,Twimm
323,Klarrisa,Hynson,Male,22,khynson8y@cbsnews.com,89691 Raven Junction,4516,Portugal,Systems Administrator IV,Meevee
324,Newton,Bondy,Female,23,nbondy8z@people.com.cn,38 Superior Terrace,6313,Indonesia,Health Coach II,Bubblebox
325,Eugenio,Kielty,Female,32,ekielty90@forbes.com,8727 Crest Line Center,5331,China,Marketing Manager,Flashdog
326,Becca,Smelley,Male,36,bsmelley91@360.cn,9 Orin Point,2553,Colombia,Structural Analysis Engineer,Feedfire
327,Greer,Klyner,Female,,gklyner92@networksolutions.com,84 Corscot Hill,5798,Indonesia,Environmental Specialist,
328,Buffy,Barlass,Male,58,bbarlass93@arstechnica.com,75756 Dayton Avenue,1577,France,Staff Accountant III,Skibox
329,Bernita,Dearl,Male,37,bdearl94@weibo.com,16 Thierer Junction,5306,China,Social Worker,Gevee
330,Arlene,Davidovici,Female,28,adavidovici95@feedburner.com,4483 Talmadge Hill,4078,Poland,Assistant Media Planner,Chatterpoint
331,Janey,Stoke,Male,18,jstoke96@printfriendly.com,043 Cody Circle,5167,United Kingdom,Executive Secretary,Omba
332,Oralle,Iglesia,Female,64,oiglesia97@jigsy.com,420 Melvin Lane,2943,China,Clinical Specialist,Ntag
333,Tedra,Barhims,Male,49,tbarhims98@github.io,076 Ridge Oak Way,6373,Philippines,Administrative Officer,Flashpoint
334,Alysia,Lamball,Male,62,alamball99@illinois.edu,5 Jackson Parkway,3866,North Korea,Software Engineer III,Agivu
335,Maggi,Kerfut,Female,20,mkerfut9a@howstuffworks.com,0986 Darwin Court,1771,China,Financial Advisor,Bubblemix
336,Giffard,Mazzeo,Male,48,gmazzeo9b@howstuffworks.com,559 Maryland Trail,5161,Honduras,General Manager,Skipstorm
337,Lammond,Demeza,Female,16,ldemeza9c@netvibes.com,745 Raven Pass,4653,China,Paralegal,Edgetag
338,Margaux,Daniels,Male,,mdaniels9d@jiathis.com,5 Stone Corner Crossing,5127,China,Junior Executive,
339,Ogdan,Wainscot,Female,24,owainscot9e@devhub.com,38 Birchwood Trail,4996,Kiribati,Quality Engineer,Avamba
340,Alayne,Carletto,Male,28,acarletto9f@state.tx.us,26 Shasta Point,3934,Russia,Engineer I,Bluejam
341,Lamond,Wellsman,Female,56,lwellsman9g@spiegel.de,56 Mosinee Pass,5582,Malaysia,Media Manager IV,Riffwire
342,Rickie,O' Molan,Male,19,romolan9h@shinystat.com,7 Mesta Center,5972,Indonesia,Community Outreach Specialist,Youbridge
343,Jannel,Benedicto,Male,47,jbenedicto9i@live.com,0646 Saint Paul Road,5849,Kenya,Legal Assistant,Omba
344,Randi,Camble,Female,21,rcamble9j@tripod.com,493 Melrose Point,2593,Honduras,Administrative Assistant III,Jabberbean
345,Imojean,Swatheridge,Male,23,iswatheridge9k@ustream.tv,6 Scofield Alley,4631,Iceland,Information Systems Manager,Thoughtmix
346,Berton,Tutchings,Male,45,btutchings9l@army.mil,96334 Corry Terrace,3537,Czech Republic,Marketing Manager,Pixonyx
347,Gwendolen,Joiris,Male,42,gjoiris9m@networkadvertising.org,13 Chinook Circle,3423,Myanmar,VP Product Management,Flipstorm
348,Rouvin,Legonidec,Male,52,rlegonidec9n@reddit.com,6 Village Green Court,2043,Netherlands,Speech Pathologist,Skimia
349,Jessamine,Tassell,Male,49,jtassell9o@hhs.gov,7710 Blaine Circle,4811,Japan,Staff Scientist,Quaxo
350,Kirk,O'Donoghue,Male,19,kodonoghue9p@vk.com,52 Old Gate Junction,5027,Russia,Clinical Specialist,Babbleblab
351,Velma,Neathway,Male,42,vneathway9q@hhs.gov,5 Green Ridge Road,5649,Canada,Database Administrator I,Feedmix
352,Gayelord,Ionn,Female,40,gionn9r@skyrock.com,90 Hazelcrest Hill,4751,France,Sales Associate,Jabberstorm
353,Clemente,Biernacki,Female,33,cbiernacki9s@nyu.edu,29 Arrowood Crossing,5253,Belarus,Graphic Designer,Mynte
354,Pamelina,Arthars,Female,39,parthars9t@chron.com,8 Esch Road,3384,Ireland,Executive Secretary,Layo
355,Goldia,Bulfit,Male,33,gbulfit9u@cnbc.com,09 Rowland Lane,5387,United States,Senior Cost Accountant,Vinder
356,Friedrich,Korfmann,Female,38,fkorfmann9v@hud.gov,40 Orin Junction,3689,Poland,Statistician I,Flipopia
357,Yanaton,Elbourne,Female,53,yelbourne9w@squarespace.com,586 Arapahoe Court,6230,China,Librarian,Tagfeed
358,Wayne,Alvares,Female,56,walvares9x@globo.com,49272 Crownhardt Junction,4137,China,Geological Engineer,Meeveo
359,Kaylil,Quittonden,Female,,kquittonden9y@china.com.cn,60729 Hallows Way,5614,Uzbekistan,Assistant Manager,
360,Alaster,Batchelour,Female,19,abatchelour9z@themeforest.net,5967 Dunning Lane,5143,Morocco,Programmer II,Jabberstorm
361,Blisse,Mouser,Female,50,bmousera0@toplist.cz,397 Kipling Junction,3536,Ukraine,Project Manager,Oozz
362,Clemmy,Tregea,Male,39,ctregeaa1@java.com,48 Holmberg Alley,2335,Japan,Help Desk Technician,Voolia
363,Chadwick,Borland,Female,21,cborlanda2@arizona.edu,80496 Anniversary Circle,6290,Indonesia,Technical Writer,Brightbean
364,Ginelle,Cuniffe,Male,17,gcuniffea3@themeforest.net,65332 Mallard Crossing,5523,Russia,Web Developer I,Skyba
365,Valeria,Sewter,Male,40,vsewtera4@mtv.com,682 Sauthoff Trail,5436,Japan,Sales Representative,Leexo
366,Thibaud,Fairbank,Female,50,tfairbanka5@nature.com,7048 Heffernan Junction,4610,Russia,Web Designer III,Zoomcast
367,Lemar,Mattussevich,Male,27,lmattussevicha6@bloglines.com,173 Union Terrace,1604,China,Project Manager,Trupe
368,Hillel,Matic,Male,51,hmatica7@soundcloud.com,41 Hintze Place,1771,China,Programmer Analyst III,Thoughtbridge
369,Deane,Scarfe,Female,56,dscarfea8@merriam-webster.com,21591 Carioca Crossing,5670,Thailand,Senior Sales Associate,Mydo
370,Maurizia,Andor,Female,,mandora9@cam.ac.uk,7028 Mallard Road,3525,Poland,Research Nurse,
371,Thain,Fawcitt,Male,,tfawcittaa@constantcontact.com,228 Petterle Avenue,5926,Indonesia,Research Associate,
372,Kalinda,Sprigg,Male,53,kspriggab@mac.com,597 Dryden Hill,2874,Peru,Health Coach II,Riffpath
373,Brice,Matthieson,Female,59,bmatthiesonac@is.gd,9713 Lakewood Drive,2224,China,Food Chemist,Rhybox
374,Carrissa,Mounce,Female,25,cmouncead@cargocollective.com,40 Warbler Junction,2181,China,Product Engineer,Meembee
375,Susana,Tuxwell,Female,31,stuxwellae@booking.com,468 Muir Trail,2370,Indonesia,Associate Professor,Fliptune
376,Roanna,Spain-Gower,Female,26,rspaingoweraf@linkedin.com,2416 Jenifer Street,2908,Sierra Leone,Chemical Engineer,Twitterworks
377,Charyl,MacLeod,Female,47,cmacleodag@hatena.ne.jp,88463 Anthes Lane,5802,Indonesia,Financial Analyst,Devpulse
378,Frayda,Altham,Female,63,falthamah@ocn.ne.jp,88646 Fairview Avenue,4899,China,Health Coach IV,Tagopia
379,Krispin,Chatwin,Male,35,kchatwinai@unc.edu,75 Loomis Circle,2954,Finland,Environmental Specialist,Digitube
380,Regine,Strettle,Female,24,rstrettleaj@mail.ru,42406 Fremont Road,6048,Ivory Coast,Civil Engineer,Skyvu
381,Adorne,Pepperill,Female,58,apepperillak@nbcnews.com,57116 Superior Trail,2153,Sudan,Programmer II,Topiczoom
382,Brod,Reader,Male,18,breaderal@illinois.edu,6 Butterfield Hill,2254,South Sudan,VP Quality Control,Topdrive
383,Eydie,Hewlings,Female,17,ehewlingsam@wp.com,102 Warbler Drive,2529,Sweden,VP Accounting,Thoughtsphere
384,Rabbi,Leyson,Female,64,rleysonan@kickstarter.com,88 Lyons Junction,3858,Colombia,Media Manager IV,Yoveo
385,Heda,Lorman,Male,31,hlormanao@elpais.com,4 Miller Alley,4081,Yemen,Biostatistician IV,Aimbu
386,Templeton,Reinert,Male,28,treinertap@qq.com,74022 Bellgrove Circle,5387,South Africa,Marketing Manager,Jayo
387,Gideon,Brockley,Female,19,gbrockleyaq@gov.uk,414 Sherman Circle,2255,Pakistan,Environmental Specialist,Youspan
388,Dody,Coonihan,Male,,dcoonihanar@spiegel.de,8454 Corscot Street,2032,Brazil,Business Systems Development Analyst,
389,Karyl,Ellsbury,Female,40,kellsburyas@go.com,409 Lake View Place,4666,Azerbaijan,Biostatistician II,Linklinks
390,Liva,Blackburn,Female,53,lblackburnat@skype.com,54394 Delaware Point,4534,Honduras,Information Systems Manager,Jetpulse
391,Katrinka,Synnot,Male,50,ksynnotau@twitter.com,908 Londonderry Point,5992,China,Nurse,Yodoo
392,Shalom,Lotterington,Male,32,slotteringtonav@netvibes.com,86961 Dorton Street,5514,Indonesia,Project Manager,Dynazzy
393,Scott,MacTeggart,Male,28,smacteggartaw@purevolume.com,91225 Bayside Parkway,1680,Brazil,Internal Auditor,Avaveo
394,Mace,Krates,Male,40,mkratesax@canalblog.com,84735 Toban Terrace,3028,Philippines,Civil Engineer,Thoughtstorm
395,Montague,Peirone,Female,50,mpeironeay@nih.gov,02 Farwell Terrace,2144,Brazil,Accountant III,Yambee
396,Leanna,Splevin,Female,57,lsplevinaz@is.gd,291 Moland Way,5406,France,Software Consultant,Mybuzz
397,Julissa,Crossfeld,Female,37,jcrossfeldb0@issuu.com,849 Prairieview Court,1740,Philippines,Staff Accountant II,Twitternation
398,Haslett,McCormick,Male,,hmccormickb1@comsenz.com,52008 Gale Lane,5890,Japan,Research Nurse,
399,Tobias,Leele,Female,22,tleeleb2@quantcast.com,96948 Rockefeller Court,4791,Gabon,Senior Sales Associate,Vimbo
400,Dorree,Hebbs,Female,43,dhebbsb3@tinypic.com,40 Hallows Road,1625,China,Operator,Yamia
401,Omar,Aldington,Female,28,oaldingtonb4@abc.net.au,9 Bluestem Parkway,3647,China,VP Sales,Dabfeed
402,Twyla,Gossart,Female,48,tgossartb5@hostgator.com,4629 Grasskamp Pass,2281,China,Recruiting Manager,Kazio
403,Horace,Eggar,Female,16,heggarb6@github.io,691 Grover Avenue,6187,Poland,Cost Accountant,Eamia
404,Carolyne,Jakel,Female,,cjakelb7@cdbaby.com,85870 Jackson Alley,5153,Serbia,Nurse Practicioner,
405,Lexy,Audritt,Female,20,laudrittb8@vkontakte.ru,1068 Sheridan Way,1431,Kenya,Systems Administrator II,Pixonyx
406,Titus,Rhucroft,Male,40,trhucroftb9@wordpress.com,30 Kings Plaza,6367,United States,Software Test Engineer IV,Bubbletube
407,Maisie,Swiffan,Female,24,mswiffanba@icio.us,6 Declaration Circle,3173,Venezuela,VP Sales,Yakijo
408,Charissa,Kingwell,Male,,ckingwellbb@army.mil,7 Armistice Alley,4158,Brazil,Operator,
409,Tobiah,Beagrie,Female,24,tbeagriebc@sbwire.com,92 Lunder Hill,5064,Russia,VP Sales,Skivee
410,Jerrilyn,Buten,Female,61,jbutenbd@privacy.gov.au,581 Judy Crossing,3667,Canada,Senior Quality Engineer,Mycat
411,Cosmo,Foxcroft,Female,31,cfoxcroftbe@tripadvisor.com,65 Pawling Court,5766,Philippines,Electrical Engineer,Browsecat
412,Joey,McCurley,Male,57,jmccurleybf@hhs.gov,68 Canary Point,5510,China,Teacher,Dabfeed
413,Cheryl,Towler,Male,54,ctowlerbg@unblog.fr,1845 Veith Alley,4177,Ukraine,Director of Sales,Bluezoom
414,Alberik,Lyddiard,Female,,alyddiardbh@gravatar.com,25377 Onsgard Point,3781,Indonesia,Help Desk Technician,
415,Floyd,Rayworth,Female,38,frayworthbi@sbwire.com,555 Gina Pass,3563,China,Software Engineer II,Realbridge
416,Link,Pitt,Male,60,lpittbj@prlog.org,65374 Fisk Street,5109,China,Desktop Support Technician,Skyvu
417,Ameline,Diemer,Female,33,adiemerbk@twitter.com,85 Eagan Pass,3456,Sweden,Human Resources Assistant I,Vipe
418,Alfred,Parsell,Female,,aparsellbl@acquirethisname.com,86 Onsgard Road,1535,Albania,VP Accounting,
419,Karee,Chrystal,Male,26,kchrystalbm@examiner.com,0 Bunker Hill Court,5136,Indonesia,Community Outreach Specialist,Babbleopia
420,Barret,Bramham,Male,41,bbramhambn@smugmug.com,0998 Bluejay Terrace,4907,Thailand,Analyst Programmer,Edgeify
421,Amos,Jindracek,Female,57,ajindracekbo@ifeng.com,496 Jenna Alley,4565,Zambia,Staff Accountant III,Skipstorm
422,Adelina,De Carolis,Male,,adecarolisbp@indiegogo.com,2 Eastwood Hill,4364,Russia,Recruiting Manager,
423,Melva,Pilcher,Female,18,mpilcherbq@google.com.au,100 Derek Plaza,4523,China,Staff Scientist,Katz
424,Betteanne,Mortel,Female,32,bmortelbr@engadget.com,78 Manitowish Avenue,6464,Philippines,Mechanical Systems Engineer,Photobug
425,Quinton,Molen,Female,,qmolenbs@newsvine.com,63248 Morningstar Way,2520,Vietnam,Cost Accountant,
426,Felicity,MacIan,Female,50,fmacianbt@arizona.edu,0842 Ludington Road,2280,Canada,Electrical Engineer,Demivee
427,Franciskus,Lyttle,Male,22,flyttlebu@oracle.com,72695 Basil Parkway,3300,Indonesia,Software Test Engineer II,Blogtag
428,Bronny,Sewell,Male,,bsewellbv@berkeley.edu,2273 Cambridge Drive,5287,Poland,Research Associate,
429,Iggie,Josefs,Male,36,ijosefsbw@slate.com,09064 Summerview Place,4598,Argentina,Administrative Assistant II,Quatz
430,Gibbie,Bossel,Male,60,gbosselbx@soundcloud.com,607 Jackson Circle,3955,Indonesia,Project Manager,Einti
431,Terese,Briggs,Female,37,tbriggsby@shinystat.com,660 Heath Center,1961,Afghanistan,Financial Analyst,Blogtag
432,Rorke,Chevin,Female,55,rchevinbz@miibeian.gov.cn,859 Rieder Plaza,6329,Russia,Dental Hygienist,Divavu
433,Ilysa,Sandry,Female,59,isandryc0@pbs.org,366 Lien Point,5472,Indonesia,Senior Quality Engineer,Shuffletag
434,Eugene,Sizzey,Male,52,esizzeyc1@foxnews.com,6892 Beilfuss Trail,2315,Portugal,Recruiter,Wikizz
435,Fredrika,Drugan,Female,44,fdruganc2@plala.or.jp,0 Talmadge Street,2812,Vietnam,Actuary,Minyx
436,Kilian,Sherewood,Female,44,ksherewoodc3@soundcloud.com,50649 Reindahl Parkway,4609,Spain,Dental Hygienist,Gevee
437,Henka,Andrioni,Male,65,handrionic4@paginegialle.it,7 Blackbird Terrace,4532,China,Help Desk Operator,Gigazoom
438,Elvera,Bleackley,Female,27,ebleackleyc5@list-manage.com,84 Union Road,2649,Russia,Marketing Manager,Omba
439,Lyndsie,Lofthouse,Female,23,llofthousec6@unc.edu,724 Helena Alley,5992,China,Financial Analyst,Browseblab
440,Elsworth,O'Lenechan,Male,33,eolenechanc7@weibo.com,0 Pennsylvania Hill,1853,France,Senior Quality Engineer,Photospace
441,Alvira,Burgise,Female,39,aburgisec8@tmall.com,71 Gale Center,3417,Vietnam,Analog Circuit Design manager,Shufflester
442,Garret,Logan,Female,33,gloganc9@psu.edu,340 8th Plaza,5560,Guatemala,VP Quality Control,Meevee
443,Jillayne,Frankish,Female,63,jfrankishca@canalblog.com,5 Northview Parkway,5278,France,Graphic Designer,Blognation
444,Randall,Lambregts,Female,19,rlambregtscb@google.ru,500 Division Way,3827,China,Librarian,Dabfeed
445,Raff,Mathen,Female,42,rmathencc@dion.ne.jp,40709 Forest Run Plaza,1969,Sweden,Clinical Specialist,Midel
446,Sheila-kathryn,Harryman,Female,47,sharrymancd@stumbleupon.com,5982 Washington Way,4382,China,Senior Sales Associate,Trupe
447,Malena,Edgcombe,Female,50,medgcombece@cocolog-nifty.com,1 Utah Place,1756,Indonesia,Dental Hygienist,Lazz
448,Carson,Underhill,Male,,cunderhillcf@smugmug.com,6 Loftsgordon Hill,1532,Russia,Senior Sales Associate,
449,Sula,Boc,Male,50,sboccg@addthis.com,4 Victoria Lane,1875,Pakistan,Account Executive,Flashpoint
450,Renae,Spavon,Male,54,rspavonch@rakuten.co.jp,35 East Park,3334,Malaysia,VP Quality Control,Katz
451,Tamera,Curreen,Male,35,tcurreenci@cpanel.net,24120 Main Center,4710,China,Assistant Manager,Skinte
452,Paulie,Verbrugge,Male,35,pverbruggecj@cdc.gov,55 Chive Center,2172,Indonesia,Media Manager II,Jetwire
453,Emeline,Rudd,Female,28,eruddck@marketwatch.com,00826 Lillian Place,3538,China,VP Product Management,Gabcube
454,Tedman,Smedmore,Female,42,tsmedmorecl@google.com.au,4 Springview Court,4667,China,Recruiting Manager,Kwinu
455,Velvet,Calltone,Female,53,vcalltonecm@theglobeandmail.com,7237 Mcguire Alley,4312,Sweden,Accountant III,Quimba
456,Pippa,Bulpitt,Female,24,pbulpittcn@reverbnation.com,88 Village Green Pass,3720,China,Community Outreach Specialist,Quamba
457,Giffie,Rustich,Female,47,grustichco@123-reg.co.uk,5066 Monterey Point,3106,Indonesia,Geologist II,Camido
458,Levi,Imlaw,Male,45,limlawcp@com.com,058 Brown Junction,3398,Indonesia,Research Nurse,Youopia
459,Nixie,Castelluzzi,Male,28,ncastelluzzicq@ovh.net,45976 Straubel Terrace,6249,China,General Manager,Rhyzio
460,Daloris,Tramel,Female,20,dtramelcr@google.de,4028 Mallory Avenue,2399,Peru,Executive Secretary,Snaptags
461,Hersch,Billyeald,Female,40,hbillyealdcs@yellowbook.com,343 Melrose Trail,2857,Portugal,Web Designer I,Einti
462,Frazer,Seivertsen,Female,46,fseivertsenct@jiathis.com,458 Harper Center,2952,Morocco,Geological Engineer,Flipopia
463,Chantal,Windross,Female,64,cwindrosscu@pbs.org,1779 1st Parkway,6489,Canada,Nurse,Skimia
464,Warner,Mehaffey,Male,,wmehaffeycv@time.com,493 Springs Plaza,3812,China,VP Sales,
465,Ferrel,Yantsurev,Male,44,fyantsurevcw@wunderground.com,7 Johnson Place,2451,Costa Rica,Professor,Yata
466,Lynda,Cowx,Male,61,lcowxcx@webnode.com,75 New Castle Place,2594,China,Account Executive,Midel
467,Lorry,Grills,Female,40,lgrillscy@addthis.com,54 Namekagon Place,1542,Thailand,Research Associate,Nlounge
468,Wynn,Fearon,Female,51,wfearoncz@fda.gov,09571 Blue Bill Park Park,6283,Lithuania,Nuclear Power Engineer,Teklist
469,Doria,Fossey,Female,,dfosseyd0@twitter.com,10042 Brickson Park Junction,6339,Ireland,Graphic Designer,
470,Clement,Beverage,Male,48,cbeveraged1@youtu.be,27 Oakridge Drive,5450,Portugal,Developer III,Wordify
471,Frederic,Veryan,Female,62,fveryand2@nsw.gov.au,55 Oakridge Trail,2327,Venezuela,Engineer III,Jamia
472,Temple,Brignall,Female,56,tbrignalld3@mozilla.com,775 Fordem Avenue,3715,China,Nuclear Power Engineer,Eimbee
473,Colan,Warboys,Female,21,cwarboysd4@free.fr,061 Glendale Court,4320,Poland,Office Assistant III,Innojam
474,Hollis,Rannie,Male,65,hrannied5@deviantart.com,8 Prairie Rose Place,3024,Russia,Media Manager IV,Trudeo
475,Lucila,Vanes,Male,65,lvanesd6@comsenz.com,274 Spaight Hill,3176,Colombia,Librarian,Jaxworks
476,Ruth,Shenley,Female,,rshenleyd7@mozilla.org,01 Claremont Drive,6442,Kyrgyzstan,Programmer Analyst I,
477,Cecily,Bamblett,Male,44,cbamblettd8@bandcamp.com,12 Colorado Terrace,3758,China,Physical Therapy Assistant,Zoonder
478,Torrance,Bampford,Male,55,tbampfordd9@msu.edu,15 Memorial Trail,6078,Russia,Financial Analyst,Jatri
479,Benetta,McArte,Female,56,bmcarteda@blog.com,9 Dennis Lane,4051,Indonesia,Environmental Specialist,Thoughtworks
480,Toddie,Raisbeck,Male,23,traisbeckdb@unicef.org,8060 Lighthouse Bay Avenue,3064,Ireland,Junior Executive,Tanoodle
481,Betteann,Terrelly,Male,16,bterrellydc@elegantthemes.com,582 Karstens Center,1717,Switzerland,Research Assistant II,Oba
482,Lexi,Howatt,Male,61,lhowattdd@dyndns.org,86 Talmadge Junction,1784,France,Programmer II,Talane
483,Penny,Cabel,Male,41,pcabelde@ucoz.ru,6 Alpine Hill,2381,Russia,Executive Secretary,Devify
484,Graeme,Ricard,Female,39,gricarddf@japanpost.jp,692 Kingsford Lane,4320,Liechtenstein,Clinical Specialist,Oloo
485,Joell,Welsby,Male,18,jwelsbydg@irs.gov,564 Forest Run Avenue,6190,China,Project Manager,Photobug
486,Bryn,Rand,Female,45,branddh@indiatimes.com,13211 Morrow Point,4087,Brazil,Recruiter,Yacero
487,Cordi,Madison,Male,20,cmadisondi@spiegel.de,6771 Springs Park,2590,Philippines,Dental Hygienist,Kwideo
488,Kenyon,Dunklee,Male,16,kdunkleedj@sourceforge.net,74 Banding Place,5572,Russia,Business Systems Development Analyst,Flashspan
489,Eadie,McLachlan,Female,26,emclachlandk@nsw.gov.au,9766 Lyons Lane,3851,China,Media Manager III,Youopia
490,Bryce,Glendinning,Female,16,bglendinningdl@jalbum.net,5541 Texas Street,6024,China,Junior Executive,Kare
491,Bennett,Dusting,Female,59,bdustingdm@sciencedirect.com,0992 Mallard Crossing,5177,Indonesia,Associate Professor,Babblestorm
492,Rosemaria,Alelsandrowicz,Female,32,ralelsandrowiczdn@wp.com,4085 Cordelia Alley,2288,China,Business Systems Development Analyst,Fatz
493,Catharine,Chiles,Male,21,cchilesdo@a8.net,078 Mcguire Way,3370,China,Social Worker,Teklist
494,Zedekiah,Giveen,Female,48,zgiveendp@addtoany.com,16 Corben Way,1629,Indonesia,VP Marketing,Aivee
495,Rodina,MacGall,Female,30,rmacgalldq@sun.com,57153 Corry Hill,4606,Philippines,Occupational Therapist,Thoughtblab
496,Terrill,Paten,Female,56,tpatendr@virginia.edu,3731 Comanche Crossing,5438,Brazil,Human Resources Manager,Skyndu
497,Robena,Haversum,Female,17,rhaversumds@mail.ru,099 Daystar Drive,5408,Indonesia,Project Manager,Fiveclub
498,Reid,Jenson,Male,23,rjensondt@bloglovin.com,6 Gateway Junction,3991,China,Community Outreach Specialist,Brainsphere
499,Wolfie,Megainey,Female,33,wmegaineydu@feedburner.com,49729 Westport Street,2730,Portugal,Structural Analysis Engineer,Voonte
500,Meta,Ashbolt,Female,29,mashboltdv@umn.edu,31010 Welch Pass,5111,Greece,Account Executive,Flipbug
501,Bella,Sullivan,Male,58,bsullivandw@apache.org,79 Crowley Plaza,2888,France,Staff Accountant II,Skinix
502,Dwain,Di Francesco,Female,64,ddifrancescodx@privacy.gov.au,601 Express Circle,1633,Philippines,Systems Administrator I,Zoomzone
503,Kasey,Sail,Female,23,ksaildy@microsoft.com,63473 Packers Center,3218,Portugal,Internal Auditor,Bubblemix
504,Alastair,Grimolbie,Female,19,agrimolbiedz@reddit.com,29 Kropf Lane,2270,Morocco,Marketing Assistant,Quire
505,Field,Pellman,Female,44,fpellmane0@google.com,03 Brentwood Street,5737,Mexico,Director of Sales,Bubbletube
506,Gottfried,Peterken,Female,64,gpeterkene1@vinaora.com,4 Dottie Road,2904,Honduras,Quality Control Specialist,Brightdog
507,Etta,Bordes,Female,43,ebordese2@dion.ne.jp,2160 Barnett Parkway,6371,Ukraine,Help Desk Technician,Zoomlounge
508,Jarrod,Rothon,Female,,jrothone3@altervista.org,74 Westerfield Trail,4930,China,Research Associate,
509,Katharine,Fruser,Female,24,kfrusere4@comsenz.com,27135 Delaware Alley,5024,China,Compensation Analyst,Shuffletag
510,Melesa,Garley,Female,32,mgarleye5@about.me,29224 Fulton Trail,1851,China,Design Engineer,Trudoo
511,Tammy,Fontenot,Male,,tfontenote6@uiuc.edu,3 Algoma Court,6498,Venezuela,Programmer II,
512,Danie,Chyuerton,Male,54,dchyuertone7@free.fr,05 Division Junction,3681,Ukraine,Community Outreach Specialist,Kazu
513,Alleen,Angliss,Female,42,aanglisse8@mtv.com,08470 Annamark Avenue,2317,Portugal,Recruiter,Feedfish
514,Datha,Jervis,Male,54,djervise9@marketwatch.com,05347 Gateway Junction,5254,Bosnia and Herzegovina,Geological Engineer,Jayo
515,Filippa,Gair,Female,,fgairea@google.fr,88 Judy Place,5664,Sweden,Dental Hygienist,
516,Leeanne,Jancso,Female,53,ljancsoeb@shinystat.com,68 Lindbergh Avenue,2588,Indonesia,Nurse,Photojam
517,Byron,Clayal,Male,52,bclayalec@mysql.com,49924 Tennyson Crossing,5302,Russia,Programmer Analyst II,Jaloo
518,Hilton,Cheales,Male,49,hchealesed@dyndns.org,6300 Thompson Circle,5811,Slovenia,Structural Engineer,Twitterbeat
519,Alisander,Dumbar,Male,,adumbaree@economist.com,1 Arizona Hill,3010,China,Help Desk Operator,
520,Wally,Bulle,Male,,wbulleef@biglobe.ne.jp,46755 Schmedeman Road,5848,Brazil,Pharmacist,
521,Charil,Kirby,Female,35,ckirbyeg@baidu.com,656 Riverside Crossing,3367,Poland,Marketing Assistant,Gabtune
522,Gualterio,Whittington,Male,46,gwhittingtoneh@vimeo.com,7947 Delaware Park,3094,Indonesia,Chemical Engineer,Reallinks
523,Sigfried,Illing,Female,25,sillingei@dedecms.com,927 Shasta Parkway,5994,France,Sales Representative,Buzzster
524,Iggie,Burgot,Female,20,iburgotej@smugmug.com,82140 Annamark Street,5046,China,Nurse Practicioner,Trilia
525,Agneta,Pagin,Male,30,apaginek@ovh.net,442 Butternut Court,5595,Sweden,Quality Engineer,Jamia
526,Conroy,Kampshell,Female,36,ckampshellel@xrea.com,4219 Talisman Pass,1516,Guatemala,Internal Auditor,Roomm
527,Philip,Bantham,Female,64,pbanthamem@biblegateway.com,564 Blaine Street,2857,Canada,Computer Systems Analyst IV,Aimbo
528,Celestina,Devenish,Male,20,cdevenishen@naver.com,854 Reinke Alley,1778,Indonesia,Human Resources Assistant IV,Twitterbridge
529,Nelly,Pietri,Male,37,npietrieo@spotify.com,72174 Sutherland Place,5301,Russia,Staff Scientist,Wordpedia
530,Francene,Kilgrove,Female,55,fkilgroveep@answers.com,02993 Doe Crossing Street,3736,China,Account Executive,Skyndu
531,Moore,Wickett,Male,33,mwicketteq@smh.com.au,36 Homewood Place,4783,Albania,Operator,Mydo
532,Del,Di Biagio,Male,43,ddibiagioer@symantec.com,02277 Sommers Point,5913,Afghanistan,Tax Accountant,Skidoo
533,Shanie,Coste,Female,56,scostees@free.fr,93 Summit Crossing,2909,Bosnia and Herzegovina,Graphic Designer,Fatz
534,Ardine,Albany,Male,61,aalbanyet@desdev.cn,1 Spohn Alley,3280,Philippines,Assistant Manager,Skilith
535,Pepito,Thrift,Female,65,pthrifteu@ebay.com,7567 Green Junction,3177,Croatia,Information Systems Manager,Yata
536,Elvera,Gerkens,Female,42,egerkensev@icio.us,57 Coleman Point,5959,Poland,Registered Nurse,Plambee
537,Dara,Labbati,Female,19,dlabbatiew@vk.com,6 Del Sol Lane,4780,Russia,Internal Auditor,Quimm
538,Rochella,Anderl,Male,58,randerlex@joomla.org,7555 Green Drive,3026,Tunisia,Cost Accountant,Bubbletube
539,Harry,Arling,Male,47,harlingey@guardian.co.uk,66 Arizona Way,6036,Somalia,Assistant Media Planner,Flashdog
540,Che,Guinane,Male,65,cguinaneez@desdev.cn,00116 Little Fleur Park,4858,Latvia,Chief Design Engineer,Rhynyx
541,Rabbi,Slyvester,Female,25,rslyvesterf0@redcross.org,00 Hoffman Alley,4523,Portugal,Budget/Accounting Analyst III,Skippad
542,Webster,Van,Male,56,wvanf1@surveymonkey.com,9012 La Follette Junction,5932,Russia,Legal Assistant,Avamba
543,Devland,Enefer,Male,38,deneferf2@sciencedirect.com,44520 Lakewood Gardens Center,6103,Syria,Administrative Officer,Jaxspan
544,Susy,Pirolini,Female,43,spirolinif3@oakley.com,9304 Meadow Valley Park,2579,China,Payment Adjustment Coordinator,Jaloo
545,Dulci,Cadamy,Female,53,dcadamyf4@wp.com,9 Kennedy Plaza,3689,Russia,Dental Hygienist,Innojam
546,Megen,Greenhall,Female,21,mgreenhallf5@youtube.com,88319 Caliangt Crossing,4980,Russia,Software Test Engineer I,Aivee
547,Othilie,Ainscough,Female,47,oainscoughf6@redcross.org,756 Loeprich Center,3391,Palestinian Territory,Executive Secretary,Thoughtbridge
548,Jacklyn,De Dei,Female,55,jdedeif7@thetimes.co.uk,340 Hollow Ridge Circle,2583,China,Nurse Practicioner,Browsedrive
549,Harper,Matcham,Male,35,hmatchamf8@google.co.uk,29 Hallows Crossing,6391,Japan,Desktop Support Technician,Kaymbo
550,Rriocard,Whatford,Male,,rwhatfordf9@mayoclinic.com,02556 Kipling Point,1629,China,Tax Accountant,
551,Goddart,Dilloway,Female,41,gdillowayfa@wisc.edu,86446 Moose Plaza,3354,Ethiopia,Senior Cost Accountant,Ntags
552,Perri,Petrovic,Male,,ppetrovicfb@canalblog.com,05 Dayton Court,6314,Guatemala,Chemical Engineer,
553,Yasmeen,Pietri,Male,42,ypietrifc@paypal.com,8 Logan Street,1875,Thailand,Nurse Practicioner,Jaxnation
554,Rickie,Haill,Male,,rhaillfd@wikispaces.com,33 Burning Wood Junction,4746,Colombia,Senior Cost Accountant,
555,Worden,Tace,Male,,wtacefe@narod.ru,9267 Hanson Court,3009,Indonesia,Research Assistant IV,
556,Maddie,Monkeman,Male,,mmonkemanff@eventbrite.com,65811 Meadow Valley Court,3161,Malaysia,Graphic Designer,
557,Hermon,Sandbatch,Female,61,hsandbatchfg@goo.ne.jp,10300 Bayside Way,5547,Belarus,Structural Analysis Engineer,Yozio
558,Maisey,MacSorley,Female,30,mmacsorleyfh@hud.gov,7 Mallory Street,6424,China,Research Nurse,InnoZ
559,Glynn,Losseljong,Male,43,glosseljongfi@symantec.com,1813 Corry Parkway,3520,United States,Geological Engineer,Myworks
560,Les,Benning,Female,50,lbenningfj@elegantthemes.com,74 Kropf Point,3969,China,Computer Systems Analyst IV,Rhybox
561,Robenia,Colaton,Male,61,rcolatonfk@chicagotribune.com,08 Katie Lane,6003,China,Recruiting Manager,Flipopia
562,Patrice,Attride,Female,60,pattridefl@columbia.edu,9526 Armistice Center,1737,China,Desktop Support Technician,Browsebug
563,Jeremiah,Prigg,Male,41,jpriggfm@sphinn.com,3521 Derek Court,4839,Portugal,VP Quality Control,Eayo
564,Petra,Wormald,Female,,pwormaldfn@oaic.gov.au,3 Kedzie Court,3418,China,Engineer I,
565,Dorisa,Usmar,Male,65,dusmarfo@vkontakte.ru,1680 Bellgrove Park,6213,Indonesia,Geological Engineer,Devpoint
566,Lorianne,Remon,Male,40,lremonfp@xing.com,08241 Oxford Park,1848,China,Structural Analysis Engineer,Zoozzy
567,Joy,MacGarrity,Male,,jmacgarrityfq@unc.edu,91 Commercial Plaza,2886,Brazil,VP Marketing,
568,Iorgos,Stanbro,Male,55,istanbrofr@reverbnation.com,211 Tomscot Way,2200,South Africa,Geological Engineer,Geba
569,Chrystel,Lomasna,Male,30,clomasnafs@home.pl,724 Killdeer Plaza,2263,Canada,Occupational Therapist,Meeveo
570,Freddy,Arangy,Female,43,farangyft@earthlink.net,4 Stuart Street,1414,China,Engineer IV,Gigaclub
571,Christabella,Dallicott,Male,53,cdallicottfu@eventbrite.com,22 Bunting Parkway,6280,China,Senior Developer,Eabox
572,Ruthann,Esby,Female,41,resbyfv@google.fr,32 Eliot Way,5557,China,Recruiting Manager,Jatri
573,Charleen,Bolsteridge,Male,34,cbolsteridgefw@4shared.com,374 Lawn Circle,3227,Sierra Leone,Health Coach IV,Leenti
574,Coralyn,Briars,Female,,cbriarsfx@oaic.gov.au,43456 Crowley Point,2121,Serbia,Automation Specialist I,
575,Ross,Sturmey,Male,,rsturmeyfy@shinystat.com,95 Waywood Crossing,3203,Indonesia,Dental Hygienist,
576,Fabio,Edgecumbe,Male,52,fedgecumbefz@1und1.de,9 Tennessee Pass,4995,Ivory Coast,Help Desk Technician,Innojam
577,Matilda,Golton,Female,27,mgoltong0@oakley.com,5 Arkansas Way,2219,Indonesia,Tax Accountant,Jabbercube
578,Kaylil,Muckian,Female,45,kmuckiang1@samsung.com,7 8th Trail,3037,Russia,Mechanical Systems Engineer,Feedmix
579,Teodorico,Sherbourne,Female,54,tsherbourneg2@yale.edu,694 Pleasure Road,4595,Botswana,Staff Accountant III,Kwinu
580,Jasmina,Piele,Female,26,jpieleg3@addtoany.com,82 Southridge Terrace,2501,Argentina,Actuary,Mynte
581,Cordi,Manie,Female,46,cmanieg4@tmall.com,93446 Moland Plaza,5016,Belarus,Automation Specialist III,Photolist
582,Gaby,Manton,Male,51,gmantong5@samsung.com,93 Clarendon Center,5468,Poland,Health Coach IV,Voonix
583,Erskine,Brussels,Female,,ebrusselsg6@t-online.de,064 Bluestem Point,2944,Palestinian Territory,Environmental Tech,
584,Nicolette,Pundy,Male,36,npundyg7@tuttocitta.it,2 Carey Drive,5029,Poland,Civil Engineer,Kwinu
585,Eloise,Dickons,Female,,edickonsg8@4shared.com,50267 Westerfield Junction,4675,Indonesia,Administrative Assistant I,
586,Adham,Doneld,Male,40,adoneldg9@noaa.gov,4932 Stoughton Junction,5450,France,Nurse,Tagpad
587,Shandeigh,Branchflower,Female,45,sbranchflowerga@ucsd.edu,187 Clemons Road,1458,China,Budget/Accounting Analyst III,Twimbo
588,Niccolo,Waite,Female,46,nwaitegb@canalblog.com,14243 Lyons Junction,1495,Indonesia,Web Designer III,Skyble
589,Renae,Normabell,Male,41,rnormabellgc@blogger.com,835 Redwing Parkway,1908,Portugal,Recruiter,Tagopia
590,Stacia,Penberthy,Female,48,spenberthygd@booking.com,810 Magdeline Trail,6456,Canada,Software Engineer III,Zooxo
591,Laurens,Jone,Female,39,ljonege@phoca.cz,73 Roxbury Court,5793,Philippines,Occupational Therapist,Minyx
592,Petey,Greensall,Male,30,pgreensallgf@nih.gov,93 Springs Street,6138,Peru,Web Designer IV,Tagcat
593,Maurita,Cuttles,Female,49,mcuttlesgg@foxnews.com,34 Huxley Plaza,5796,United States,Design Engineer,Jaxbean
594,Reynolds,Eldrett,Female,,reldrettgh@altervista.org,4 Shopko Avenue,5427,Thailand,Dental Hygienist,
595,Isidoro,Dearness,Female,51,idearnessgi@dagondesign.com,23803 Macpherson Drive,3632,Russia,Assistant Media Planner,Yodo
596,Letitia,Tow,Male,57,ltowgj@4shared.com,43 Wayridge Junction,5964,Indonesia,Account Executive,Zoonder
597,Cooper,Douch,Female,19,cdouchgk@360.cn,3 Golf View Hill,1824,China,Account Coordinator,Divanoodle
598,Harbert,Fedoronko,Male,59,hfedoronkogl@phpbb.com,3 Rutledge Court,1970,Indonesia,VP Sales,Tagchat
599,Emlyn,Giffaut,Male,21,egiffautgm@reddit.com,8 Basil Drive,2509,China,Research Nurse,Jabberbean
600,Brodie,Faill,Male,22,bfaillgn@hud.gov,37818 Corben Alley,1649,Finland,Nurse Practicioner,Lazzy
601,Allie,Lorent,Female,17,alorentgo@tuttocitta.it,11 Stuart Plaza,2361,Peru,Paralegal,Chatterpoint
602,Hazlett,Tanton,Male,50,htantongp@vkontakte.ru,8414 Jenifer Place,6349,China,Occupational Therapist,Zoomdog
603,Daniella,Jansie,Male,26,djansiegq@netvibes.com,7 Fallview Road,2488,Russia,Tax Accountant,Shuffledrive
604,Gloriana,Kneller,Male,53,gknellergr@patch.com,268 Scofield Road,3235,Philippines,Senior Quality Engineer,Skidoo
605,Joe,Gethings,Female,45,jgethingsgs@earthlink.net,025 Dahle Hill,3087,Greece,Geological Engineer,Blogpad
606,David,Coolbear,Female,28,dcoolbeargt@nps.gov,0 Drewry Plaza,3686,Belarus,VP Quality Control,Kamba
607,Glynn,Hughson,Male,62,ghughsongu@state.gov,11 Holmberg Alley,3468,Colombia,Structural Analysis Engineer,Thoughtsphere
608,Mordecai,Giraudat,Male,26,mgiraudatgv@scribd.com,67 Marquette Park,2125,Ecuador,Staff Accountant II,Gevee
609,Mycah,Clarkin,Female,43,mclarkingw@indiegogo.com,825 Sullivan Drive,2982,Indonesia,Health Coach I,Youspan
610,Annaliese,Martynikhin,Male,24,amartynikhingx@buzzfeed.com,0 Dakota Plaza,5396,United States,Associate Professor,Viva
611,Nerty,Sarra,Female,49,nsarragy@java.com,0988 Manitowish Pass,3482,Estonia,Editor,Dynava
612,Gregorius,Hansmann,Female,37,ghansmanngz@sohu.com,01 Ruskin Parkway,5784,China,Budget/Accounting Analyst IV,Devify
613,Byron,Pirt,Male,20,bpirth0@theatlantic.com,7 Gerald Pass,2510,China,Assistant Manager,Mymm
614,Gaylord,Beedle,Male,39,gbeedleh1@tiny.cc,4340 Marcy Circle,2228,Armenia,VP Quality Control,Quinu
615,Maximilian,Begent,Female,32,mbegenth2@narod.ru,5958 Saint Paul Alley,3178,China,Senior Cost Accountant,Livetube
616,Ludvig,Campaigne,Female,20,lcampaigneh3@icio.us,94 Schiller Place,1421,Brazil,Recruiter,Yodel
617,Blondelle,Ambrosetti,Male,16,bambrosettih4@stumbleupon.com,694 Quincy Park,5773,China,Speech Pathologist,Dynava
618,Correna,Shinfield,Male,53,cshinfieldh5@jalbum.net,75 Eggendart Street,2886,Brazil,Electrical Engineer,Zoomlounge
619,Gun,Muzzollo,Male,29,gmuzzolloh6@lycos.com,5 Erie Crossing,6209,Philippines,Budget/Accounting Analyst I,Tazzy
620,Roshelle,Van der Mark,Male,37,rvandermarkh7@gnu.org,78350 Lakeland Hill,6228,Canada,Senior Sales Associate,Quimba
621,Hailey,Vowels,Male,29,hvowelsh8@cisco.com,8 Sage Plaza,2720,Poland,Web Designer III,Browsetype
622,Tedd,Heinzel,Male,58,theinzelh9@opera.com,0 Lakeland Lane,3526,Philippines,Marketing Assistant,Twiyo
623,Dorolice,Van der Merwe,Male,,dvandermerweha@vk.com,44918 Hayes Way,1449,Ivory Coast,Software Test Engineer III,
624,Frannie,Biever,Male,60,fbieverhb@berkeley.edu,6 Lakewood Gardens Junction,5793,Argentina,Nuclear Power Engineer,Skinder
625,Tiphany,Blucher,Female,63,tblucherhc@paginegialle.it,5 Mandrake Terrace,3125,Philippines,Developer I,Aimbo
626,Trevar,Waugh,Female,64,twaughhd@sakura.ne.jp,79 Surrey Terrace,3994,Indonesia,Professor,Bluejam
627,Clemmy,DeSousa,Female,37,cdesousahe@usatoday.com,72160 East Center,6361,Ethiopia,Physical Therapy Assistant,Chatterpoint
628,Ailsun,Branigan,Male,,abraniganhf@slate.com,9 Heath Park,2464,Slovenia,Technical Writer,
629,Gabie,Prier,Female,21,gprierhg@mediafire.com,3 Carioca Court,4565,Bulgaria,General Manager,Ainyx
630,Tucky,Murrie,Female,26,tmurriehh@hostgator.com,385 Mariners Cove Way,6030,Philippines,Engineer II,Livepath
631,Kermit,O'Doran,Male,50,kodoranhi@accuweather.com,42840 Mccormick Park,1442,Indonesia,Data Coordiator,Mita
632,Caril,Glencrash,Male,48,cglencrashhj@elegantthemes.com,0 Scofield Circle,6214,China,Structural Analysis Engineer,Photobean
633,Benny,Billett,Male,38,bbilletthk@wiley.com,51 Menomonie Circle,2457,China,Safety Technician III,Topiclounge
634,Eleen,Wagge,Female,34,ewaggehl@sciencedaily.com,8 Elka Plaza,5273,Indonesia,Chemical Engineer,Livepath
635,Stanford,Extal,Male,57,sextalhm@yandex.ru,5 Westerfield Trail,1619,France,Statistician I,Quinu
636,Rozamond,Brolan,Female,33,rbrolanhn@ucla.edu,97090 Oriole Junction,4416,China,Operator,Divape
637,Bob,Fairleigh,Female,22,bfairleighho@ucsd.edu,18725 Nevada Drive,1717,Mexico,Paralegal,Livetube
638,Coleman,Newstead,Male,19,cnewsteadhp@engadget.com,97 Di Loreto Trail,5646,Indonesia,Engineer IV,Jetwire
639,Beatrisa,Emblem,Female,44,bemblemhq@eventbrite.com,3984 Oak Valley Junction,3925,Bulgaria,Statistician IV,Vimbo
640,Sampson,Davidofski,Female,21,sdavidofskihr@usatoday.com,07 Melvin Point,1854,Portugal,GIS Technical Architect,Realblab
641,Maia,Singh,Female,,msinghhs@netlog.com,1 Anniversary Terrace,4557,China,Social Worker,
642,Marcile,Vannuccini,Male,21,mvannucciniht@cafepress.com,44640 Steensland Pass,3638,Czech Republic,Desktop Support Technician,Jaxbean
643,Sibilla,Leggen,Female,49,sleggenhu@ucoz.ru,22 Hoard Plaza,2388,Japan,Staff Accountant II,Mydo
644,Thatch,Gentile,Female,,tgentilehv@google.ru,31759 3rd Plaza,3658,Philippines,Editor,
645,Janka,Sircombe,Female,34,jsircombehw@usatoday.com,8821 Montana Crossing,3313,China,Tax Accountant,Skalith
646,Hendrick,Tefft,Female,55,hteffthx@shinystat.com,76719 Dayton Point,3715,Morocco,Recruiting Manager,Kare
647,Ted,Eldredge,Female,23,teldredgehy@ucoz.ru,873 Lake View Lane,3692,China,Programmer I,Realmix
648,Nessie,Pilpovic,Male,,npilpovichz@who.int,2 Arizona Way,5094,Indonesia,Software Engineer II,
649,Marie-ann,Scraney,Female,44,mscraneyi0@mapy.cz,3952 Maple Wood Alley,6018,Egypt,Financial Advisor,Linkbuzz
650,Lynn,Manna,Female,,lmannai1@mashable.com,4 Brickson Park Way,4496,China,Quality Control Specialist,
651,Doug,Saice,Female,17,dsaicei2@google.ca,3647 Dakota Park,4823,Argentina,Executive Secretary,Meejo
652,Faulkner,Sinkings,Male,37,fsinkingsi3@livejournal.com,60007 Waxwing Terrace,6246,Syria,Operator,Blogtags
653,Annaliese,Pegler,Female,39,apegleri4@spotify.com,619 Di Loreto Road,6133,South Africa,Administrative Assistant III,Cogibox
654,Hedwig,Gamil,Female,26,hgamili5@eventbrite.com,099 Bay Terrace,3793,Russia,Junior Executive,Rhynoodle
655,Pauli,Tabert,Male,57,ptaberti6@macromedia.com,0988 Columbus Lane,4435,Poland,Senior Editor,Avamm
656,Briggs,Van Arsdall,Male,34,bvanarsdalli7@npr.org,398 Thompson Circle,5297,Brazil,Operator,Riffpath
657,Shadow,Platts,Female,60,splattsi8@wsj.com,8010 Mosinee Place,3700,Namibia,Human Resources Manager,Meejo
658,Elly,Worlock,Male,35,eworlocki9@mozilla.com,92 Carey Park,1996,Brazil,Clinical Specialist,Edgepulse
659,Jenelle,Cafferty,Female,46,jcaffertyia@walmart.com,71148 Twin Pines Terrace,5059,Thailand,Web Developer II,Wikido
660,Gwynne,Fatscher,Female,42,gfatscherib@wp.com,1 Continental Road,6281,China,Sales Representative,Zoomdog
661,Heda,Teasdale,Female,53,hteasdaleic@a8.net,372 Nancy Avenue,5375,South Africa,Biostatistician III,Twimbo
662,Alejandro,Beggin,Female,,abegginid@nba.com,40218 Dayton Point,1459,China,Senior Cost Accountant,
663,Bernette,Carolan,Female,53,bcarolanie@de.vu,0 8th Court,5187,Greece,Internal Auditor,Skaboo
664,Mattias,Webb-Bowen,Female,52,mwebbbowenif@who.int,9 Hudson Junction,2652,Indonesia,Database Administrator IV,Topdrive
665,Raffaello,Seif,Male,57,rseifig@twitpic.com,649 Judy Road,3119,Poland,Electrical Engineer,Blogtags
666,Estele,Laughlin,Female,63,elaughlinih@globo.com,2357 Mayer Trail,6301,China,Human Resources Assistant III,Pixope
667,Giana,Kores,Female,36,gkoresii@odnoklassniki.ru,264 Express Way,6419,Indonesia,Developer IV,Layo
668,Lev,Spellard,Male,39,lspellardij@shop-pro.jp,145 Hansons Road,1877,Indonesia,Automation Specialist IV,Pixonyx
669,Sawyere,Bugby,Male,61,sbugbyik@google.co.uk,5000 Algoma Street,5444,Morocco,Information Systems Manager,Jabbertype
670,Madella,Carver,Male,,mcarveril@narod.ru,174 Rowland Terrace,2934,Sweden,Executive Secretary,
671,Tasia,Tonbridge,Male,36,ttonbridgeim@oakley.com,5 Killdeer Crossing,3213,China,Financial Analyst,Skiptube
672,Jeniffer,Shower,Male,,jshowerin@mac.com,4931 Crescent Oaks Court,5178,China,Web Developer IV,
673,Johnathon,Abramzon,Female,17,jabramzonio@exblog.jp,9 Spenser Place,2849,Russia,Financial Analyst,Brainlounge
674,Nerti,Westerman,Male,64,nwestermanip@skyrock.com,23 Vahlen Way,3458,South Korea,Data Coordiator,Buzzdog
675,Geri,Widdows,Female,50,gwiddowsiq@intel.com,518 Eggendart Parkway,2521,Philippines,Staff Scientist,Reallinks
676,Pavlov,McGlade,Female,24,pmcgladeir@timesonline.co.uk,116 Hoffman Terrace,1456,Albania,Research Nurse,Cogidoo
677,Vinny,Seegar,Male,40,vseegaris@blog.com,5 Straubel Court,3428,Azerbaijan,Assistant Professor,Pixonyx
678,Raychel,Feveryear,Male,43,rfeveryearit@networksolutions.com,1 Summer Ridge Plaza,1638,China,Chemical Engineer,Leexo
679,Annora,Mather,Male,,amatheriu@creativecommons.org,5 Farwell Circle,6488,Portugal,Desktop Support Technician,
680,Anders,Kobiela,Female,35,akobielaiv@cafepress.com,34884 Pearson Hill,3503,China,VP Sales,Voonyx
681,Urban,Comelli,Female,37,ucomelliiw@mlb.com,899 Moulton Avenue,2725,China,Computer Systems Analyst IV,Livetube
682,Papageno,Eagleston,Female,19,peaglestonix@scribd.com,11 Burning Wood Place,4592,China,Legal Assistant,Feedbug
683,Madeline,Cutler,Female,,mcutleriy@marriott.com,221 Golden Leaf Trail,5431,Serbia,Assistant Professor,
684,Mark,Suttie,Male,22,msuttieiz@cnet.com,362 Blue Bill Park Junction,5248,Russia,Structural Engineer,Quimm
685,Marsh,Getten,Female,28,mgettenj0@etsy.com,8812 Brickson Park Place,1452,Canada,Graphic Designer,Topiczoom
686,Kimmi,Tonsley,Female,19,ktonsleyj1@miitbeian.gov.cn,6 Trailsway Point,5641,China,Staff Accountant III,Mynte
687,Archie,Placido,Male,43,aplacidoj2@networksolutions.com,8983 Washington Plaza,4312,Russia,Engineer I,Voolia
688,Rustin,Whitlow,Female,28,rwhitlowj3@hugedomains.com,6654 Vahlen Street,3156,France,Staff Scientist,Podcat
689,Jefferson,Leber,Male,38,jleberj4@moonfruit.com,54 1st Circle,1762,Russia,Analog Circuit Design manager,Voonder
690,Rex,Ailsbury,Male,56,railsburyj5@artisteer.com,73 Eastlawn Parkway,6117,China,Safety Technician III,Bluejam
691,Judie,Demke,Male,38,jdemkej6@etsy.com,035 High Crossing Avenue,3218,Philippines,VP Accounting,Shuffledrive
692,Timothea,Bosence,Male,,tbosencej7@macromedia.com,41950 Mallory Crossing,5262,Netherlands,Legal Assistant,
693,Glad,Corn,Female,64,gcornj8@columbia.edu,06646 Spaight Street,4080,Solomon Islands,Staff Accountant III,Abata
694,Richart,Wilfinger,Female,35,rwilfingerj9@prlog.org,9 Sunbrook Plaza,5170,Philippines,VP Sales,Geba
695,Kristopher,De Bernardis,Male,61,kdebernardisja@ocn.ne.jp,5 North Way,2904,Mexico,Nurse Practicioner,Skinix
696,Amby,McRitchie,Female,28,amcritchiejb@shop-pro.jp,43 Autumn Leaf Circle,5950,Indonesia,Librarian,Eidel
697,Gaspard,Ranby,Male,48,granbyjc@bandcamp.com,7 Meadow Ridge Court,5656,Portugal,Mechanical Systems Engineer,Ozu
698,Brier,Gerhold,Female,40,bgerholdjd@unicef.org,69983 Buell Way,3087,Azerbaijan,Mechanical Systems Engineer,Mynte
699,Karil,Kopacek,Female,,kkopacekje@vk.com,3 Thierer Place,2038,China,Physical Therapy Assistant,
700,Annamaria,Lerego,Male,42,aleregojf@dion.ne.jp,510 Summerview Drive,1558,China,Analyst Programmer,Skyble
701,Ermentrude,Crowhurst,Male,52,ecrowhurstjg@samsung.com,38 Hansons Crossing,6261,Poland,Accounting Assistant II,Jaxnation
702,Eldon,Heavy,Male,43,eheavyjh@yolasite.com,86906 Green Circle,4741,Indonesia,Web Designer I,Browseblab
703,Angeline,MacVanamy,Male,61,amacvanamyji@jimdo.com,2 High Crossing Point,3250,Mexico,Physical Therapy Assistant,Gabtune
704,Natalya,Sharer,Female,42,nsharerjj@blogspot.com,864 Main Center,2428,Russia,Help Desk Operator,Dabfeed
705,Aleda,Heales,Female,38,ahealesjk@istockphoto.com,6 Barnett Plaza,3067,Germany,Food Chemist,Gabtune
706,Amanda,Disman,Female,39,adismanjl@booking.com,47071 Debra Point,2925,Indonesia,Speech Pathologist,Divavu
707,Gordon,Tomblett,Male,54,gtomblettjm@csmonitor.com,3541 Wayridge Parkway,2377,Indonesia,Social Worker,Photofeed
708,Drugi,Cleverly,Male,47,dcleverlyjn@ehow.com,8451 Huxley Way,4437,China,Environmental Specialist,Roodel
709,Katie,Rickardsson,Female,36,krickardssonjo@sourceforge.net,3 Hoffman Circle,2801,Peru,Human Resources Assistant I,Skynoodle
710,Nicki,Curnokk,Male,44,ncurnokkjp@acquirethisname.com,98112 Delladonna Plaza,1916,Brazil,Assistant Manager,Devpulse
711,Nicole,Monkleigh,Female,18,nmonkleighjq@t-online.de,2345 Packers Street,2920,China,Administrative Assistant II,Pixonyx
712,Blanche,Burrells,Female,46,bburrellsjr@studiopress.com,8604 Granby Avenue,4973,France,Community Outreach Specialist,Livetube
713,Nikolai,Verralls,Male,33,nverrallsjs@upenn.edu,85005 Dorton Park,6429,Canada,Help Desk Operator,Digitube
714,Horten,Edgson,Female,65,hedgsonjt@rakuten.co.jp,9 Morning Point,2614,China,Business Systems Development Analyst,Flipopia
715,Allyce,oldey,Female,26,aoldeyju@dyndns.org,96 Commercial Crossing,3287,Palestinian Territory,Associate Professor,Fadeo
716,Ailbert,Ironmonger,Male,21,aironmongerjv@ehow.com,59310 Del Mar Way,2400,Macedonia,Environmental Tech,Skaboo
717,Parsifal,Dmitrichenko,Male,,pdmitrichenkojw@huffingtonpost.com,45 Sullivan Road,2848,Philippines,Help Desk Operator,
718,Siusan,Berthel,Male,30,sbertheljx@uiuc.edu,36 Welch Parkway,1731,Sweden,Associate Professor,Twitternation
719,Cleavland,Durdle,Male,26,cdurdlejy@who.int,0 Gateway Court,4188,Jordan,Dental Hygienist,Zoomdog
720,Katuscha,Teape,Male,43,kteapejz@google.com.br,4 Sullivan Street,1793,Russia,Web Designer I,Skyndu
721,Boony,Girogetti,Male,29,bgirogettik0@mysql.com,461 Loomis Center,6212,Philippines,Civil Engineer,Innojam
722,Kev,Mawford,Male,27,kmawfordk1@icq.com,8 Dennis Park,1985,Poland,Research Nurse,Trudeo
723,Annie,Pauler,Male,59,apaulerk2@t-online.de,27 American Ash Circle,2441,Azerbaijan,Community Outreach Specialist,Browseblab
724,Mayer,Skep,Female,36,mskepk3@epa.gov,17479 Lakewood Street,5285,Egypt,Office Assistant III,Blogpad
725,Franny,Mateus,Female,26,fmateusk4@yellowpages.com,26789 Rusk Court,1942,Indonesia,Nuclear Power Engineer,Kimia
726,Rickey,Winmill,Female,24,rwinmillk5@twitpic.com,7131 South Point,2931,Colombia,Media Manager I,Brainbox
727,Robbin,Reynish,Female,49,rreynishk6@redcross.org,417 Walton Trail,5357,Russia,Social Worker,Demizz
728,Purcell,Trahar,Male,,ptrahark7@arizona.edu,934 Fallview Terrace,4007,Nigeria,Staff Accountant III,
729,Lukas,Lowne,Male,57,llownek8@google.de,5 Porter Pass,5961,Brazil,Electrical Engineer,Oloo
730,Cobbie,Siene,Male,36,csienek9@hp.com,59 Transport Street,6418,Indonesia,Database Administrator I,Fadeo
731,Burgess,Mc Comb,Male,20,bmccombka@nationalgeographic.com,43 Dakota Road,5589,Brazil,Web Designer II,Centidel
732,Mac,Faragher,Male,56,mfaragherkb@taobao.com,0219 Pepper Wood Court,4376,Philippines,Graphic Designer,Flipopia
733,Danni,Dinnis,Female,24,ddinniskc@go.com,70 Rockefeller Avenue,3726,Sweden,Sales Associate,Oodoo
734,Aindrea,Mordue,Male,,amorduekd@toplist.cz,9 Spenser Trail,1844,Chile,Assistant Professor,
735,Arlan,Bodycote,Male,49,abodycoteke@indiatimes.com,735 Bayside Circle,4962,Russia,Senior Developer,Vinte
736,Dian,Gehricke,Male,59,dgehrickekf@phpbb.com,80 Larry Lane,3126,Thailand,Social Worker,Skinte
737,Lindsay,Anyene,Female,54,lanyenekg@liveinternet.ru,30 Mcguire Alley,5746,China,Civil Engineer,Blogtags
738,Geno,Tomenson,Female,32,gtomensonkh@intel.com,7 Londonderry Crossing,2857,China,Accounting Assistant III,Skyvu
739,Lisetta,Rought,Male,30,lroughtki@exblog.jp,59 Forster Crossing,3390,China,Social Worker,Dynabox
740,Packston,Cropper,Male,37,pcropperkj@dailymail.co.uk,2497 Dayton Circle,6416,Kenya,Electrical Engineer,Linktype
741,Giraldo,Eltune,Male,33,geltunekk@cmu.edu,585 Sutherland Parkway,4116,France,Executive Secretary,Aivee
742,Selestina,Passler,Male,17,spasslerkl@howstuffworks.com,1 Clarendon Circle,2297,Palestinian Territory,Engineer I,Twimbo
743,Goober,Giff,Male,53,ggiffkm@wikipedia.org,620 7th Center,3686,Vietnam,Marketing Assistant,Rhybox
744,Peter,Kleinbaum,Female,55,pkleinbaumkn@biblegateway.com,90 Eggendart Terrace,1712,Poland,Geologist IV,Skinder
745,Chip,Guinery,Male,46,cguineryko@pcworld.com,2749 Melrose Pass,1743,Croatia,Office Assistant II,Yamia
746,Adena,Robbings,Female,47,arobbingskp@yolasite.com,1 3rd Terrace,5490,Canada,Engineer III,Realpoint
747,Erma,Vescovo,Female,19,evescovokq@canalblog.com,1593 Green Avenue,5841,China,Staff Scientist,Dynabox
748,Roberta,Garham,Female,56,rgarhamkr@ning.com,89949 Elmside Way,3035,Peru,Web Designer IV,Blogspan
749,Padriac,Filipychev,Female,19,pfilipychevks@aol.com,26586 Westerfield Center,2632,China,Information Systems Manager,Dabvine
750,Cordi,Birckmann,Female,30,cbirckmannkt@unblog.fr,2403 Hauk Street,6391,Angola,Structural Analysis Engineer,Innojam
751,Aimee,Gallamore,Male,56,agallamoreku@arizona.edu,9832 Fordem Pass,1572,China,Librarian,Rhyzio
752,Gabbie,Theakston,Male,,gtheakstonkv@ibm.com,1 Logan Road,5263,Armenia,Research Associate,
753,Erminia,Schlagtmans,Female,53,eschlagtmanskw@deliciousdays.com,06 Bellgrove Avenue,5785,China,Payment Adjustment Coordinator,Myworks
754,Gay,Menguy,Male,53,gmenguykx@ed.gov,5765 Helena Lane,3368,United States,Executive Secretary,Mymm
755,Travers,Locks,Male,45,tlocksky@ning.com,85165 Lillian Trail,2261,Guatemala,Assistant Manager,Lajo
756,Del,Gatesman,Female,37,dgatesmankz@hexun.com,039 Erie Alley,3403,Russia,Statistician II,Linklinks
757,Chrystal,Labat,Female,50,clabatl0@arizona.edu,1 Stuart Center,6212,France,Assistant Media Planner,Vimbo
758,Virginie,Challes,Female,45,vchallesl1@intel.com,265 Maywood Trail,1600,Namibia,Environmental Specialist,Devpulse
759,Eduino,O'Shea,Female,29,eosheal2@kickstarter.com,861 5th Plaza,4886,Russia,Accountant I,Gabspot
760,Amitie,Coombe,Male,51,acoombel3@ifeng.com,29124 Kedzie Hill,2826,Chile,Automation Specialist IV,Midel
761,Cece,Lemasney,Male,56,clemasneyl4@example.com,0 Starling Parkway,4184,Greece,Senior Sales Associate,Gabtune
762,Michael,Shellsheere,Female,49,mshellsheerel5@cbslocal.com,4 Dahle Hill,5986,China,Social Worker,Browsecat
763,Alanson,Alexsandrovich,Male,26,aalexsandrovichl6@woothemes.com,1101 Jenifer Drive,2669,France,Food Chemist,Yozio
764,Alika,Munt,Male,16,amuntl7@google.de,1 Continental Court,6035,China,Clinical Specialist,Fanoodle
765,Kaitlyn,Fernando,Male,28,kfernandol8@nytimes.com,490 Scofield Drive,2369,Pakistan,Systems Administrator I,Skipfire
766,Montague,Maylam,Female,27,mmaylaml9@auda.org.au,49019 Stuart Court,3124,Indonesia,Structural Engineer,InnoZ
767,Worth,Steffens,Male,,wsteffensla@google.com,7794 Debra Alley,3205,Poland,Associate Professor,
768,Meta,Cullity,Female,33,mcullitylb@opensource.org,7 Aberg Circle,6318,Iran,Marketing Assistant,Fivebridge
769,Vance,Pymar,Male,,vpymarlc@vimeo.com,2 Fieldstone Circle,4197,China,Business Systems Development Analyst,
770,Carole,Mowlam,Male,31,cmowlamld@gmpg.org,658 Commercial Street,5340,Russia,VP Marketing,Gabtype
771,Lise,Keddy,Male,,lkeddyle@whitehouse.gov,5523 Welch Trail,3539,Honduras,Desktop Support Technician,
772,Mariel,Puddefoot,Female,60,mpuddefootlf@themeforest.net,187 Golf View Court,5001,China,Quality Engineer,Youfeed
773,Obadiah,Brack,Female,54,obracklg@is.gd,7260 Elgar Pass,2270,Turkmenistan,Librarian,Dabshots
774,Holt,Barstowk,Male,39,hbarstowklh@dailymotion.com,9 Eastlawn Terrace,5086,Russia,Marketing Assistant,Skipfire
775,Darby,Baldassi,Female,58,dbaldassili@intel.com,122 Mallard Parkway,1962,Sweden,Nurse Practicioner,Meeveo
776,Marney,Filipchikov,Male,,mfilipchikovlj@google.cn,170 Annamark Hill,5639,Cape Verde,Administrative Officer,
777,Hazel,De'Ath,Male,51,hdeathlk@narod.ru,21 Jackson Park,1638,Canada,Marketing Manager,Jabbersphere
778,Beverie,LaBastida,Male,53,blabastidall@hostgator.com,3 Eagan Drive,1714,Philippines,Senior Cost Accountant,Yamia
779,Colleen,McGreary,Female,22,cmcgrearylm@senate.gov,7 Corscot Circle,3365,Philippines,Account Executive,Zoonder
780,Annora,Blazic,Male,37,ablazicln@ameblo.jp,9140 Fremont Way,3370,Dominican Republic,Marketing Assistant,Youfeed
781,Halley,Lermit,Male,17,hlermitlo@ca.gov,04 Blaine Hill,2642,France,Health Coach II,Demivee
782,Cassondra,Cornhill,Female,19,ccornhilllp@marriott.com,806 Merrick Circle,1606,China,Nurse,Edgetag
783,Daniel,Skoggings,Male,39,dskoggingslq@csmonitor.com,67 Lunder Drive,4662,Ireland,Budget/Accounting Analyst III,Twitterbridge
784,Alfonse,Titherington,Female,29,atitheringtonlr@zdnet.com,6724 Rockefeller Lane,5563,Vietnam,Software Test Engineer I,Ntags
785,Antin,Hubbock,Male,,ahubbockls@1688.com,84024 Stuart Place,4328,Japan,Financial Analyst,
786,Lucinda,Attlee,Male,24,lattleelt@timesonline.co.uk,16 Dexter Hill,4545,Bangladesh,Food Chemist,Rhybox
787,Georgeanna,Scattergood,Female,17,gscattergoodlu@cargocollective.com,03 Shoshone Lane,1662,Ukraine,Staff Accountant IV,Voolith
788,Bond,Cowpe,Female,44,bcowpelv@jiathis.com,0 Ramsey Alley,3709,China,Operator,Oyondu
789,Tory,Lochet,Female,50,tlochetlw@smugmug.com,0 Mallard Pass,4144,Finland,Professor,Geba
790,Lynde,Hursey,Male,58,lhurseylx@techcrunch.com,2 Tony Plaza,2161,Russia,Systems Administrator III,Rhynoodle
791,Minta,Ions,Male,55,mionsly@gov.uk,3123 Nevada Junction,2999,China,Human Resources Assistant I,Skajo
792,Babbie,Woofenden,Male,40,bwoofendenlz@ovh.net,6 Twin Pines Lane,4186,Norway,Senior Sales Associate,Jabbercube
793,Costa,Bruty,Female,39,cbrutym0@joomla.org,1 Fieldstone Terrace,4226,Indonesia,Account Executive,Fatz
794,Livvie,Dibbe,Female,49,ldibbem1@twitpic.com,621 Mallard Way,5544,Gabon,Graphic Designer,Feedfish
795,Giusto,Cullagh,Male,47,gcullaghm2@edublogs.org,79884 Porter Junction,6064,Philippines,Project Manager,Zoombox
796,Mala,Springthorpe,Male,28,mspringthorpem3@google.fr,880 Orin Point,4856,Indonesia,Paralegal,Zava
797,Julietta,Prettyjohns,Male,29,jprettyjohnsm4@ucla.edu,204 Coleman Plaza,2472,Uruguay,Data Coordiator,Quaxo
798,Zuzana,Jordin,Female,,zjordinm5@opensource.org,29871 Farragut Parkway,2155,China,Recruiting Manager,
799,Jarid,Creigan,Female,63,jcreiganm6@comcast.net,27 Lillian Parkway,4092,Thailand,Payment Adjustment Coordinator,Eidel
800,Henrieta,Lukacs,Female,18,hlukacsm7@shinystat.com,6351 Russell Junction,2506,Iran,Nurse,Lazz
801,Kara-lynn,Navarre,Female,37,knavarrem8@altervista.org,05 Rieder Road,2851,China,Teacher,Thoughtworks
802,Wilfred,Elcoat,Male,18,welcoatm9@adobe.com,4 Arizona Circle,3415,Russia,Chemical Engineer,Dabfeed
803,Becka,Bath,Male,58,bbathma@zimbio.com,4504 Warner Point,1905,Brazil,Physical Therapy Assistant,Browsecat
804,Ulick,Ell,Male,63,uellmb@xrea.com,99 Southridge Drive,3611,Ukraine,Associate Professor,Flashpoint
805,Amelita,Ellerman,Male,54,aellermanmc@unicef.org,8586 Del Mar Street,3634,Finland,Quality Control Specialist,Trilia
806,Andreas,Fleckno,Female,16,aflecknomd@csmonitor.com,7 Vahlen Crossing,4554,Czech Republic,Account Representative III,Edgepulse
807,Cammy,Reditt,Female,58,credittme@yolasite.com,9236 Anzinger Parkway,5448,China,Technical Writer,Voomm
808,Othilie,Sainthill,Male,,osainthillmf@mac.com,88 Southridge Circle,4451,Argentina,Tax Accountant,
809,Sylas,Dunsford,Female,65,sdunsfordmg@ustream.tv,1059 Pankratz Terrace,6104,Canada,Graphic Designer,Jaxworks
810,Lenka,Enrietto,Female,64,lenriettomh@huffingtonpost.com,16815 Florence Hill,6334,Argentina,Staff Scientist,Chatterbridge
811,Deena,Sparrowhawk,Female,56,dsparrowhawkmi@spotify.com,2020 Truax Lane,4117,Philippines,Assistant Media Planner,Jatri
812,Siusan,Macvey,Female,60,smacveymj@imdb.com,6 Crowley Plaza,3292,China,Nuclear Power Engineer,Aivee
813,Claudetta,Derbyshire,Male,33,cderbyshiremk@tinyurl.com,92 Hermina Center,2983,Ireland,Internal Auditor,Oozz
814,Mortimer,Davenhill,Male,45,mdavenhillml@independent.co.uk,50730 Hayes Way,3653,Afghanistan,Occupational Therapist,Feedspan
815,Halli,Dightham,Male,40,hdighthammm@tamu.edu,3431 Northport Point,4508,Indonesia,Research Nurse,Mycat
816,Danielle,Juggings,Female,32,djuggingsmn@amazon.de,7975 5th Road,4384,Kazakhstan,Sales Representative,Zava
817,Delia,Foote,Male,25,dfootemo@uiuc.edu,51062 Hintze Terrace,2975,Philippines,Analyst Programmer,Browsezoom
818,Cyndy,Shewring,Male,54,cshewringmp@weebly.com,779 Northland Drive,4223,Japan,Sales Associate,Centizu
819,Alicea,Conaghan,Female,21,aconaghanmq@sakura.ne.jp,92548 Hermina Hill,5425,China,Senior Cost Accountant,Fanoodle
820,Thornton,Merryman,Female,28,tmerrymanmr@last.fm,8528 Alpine Alley,4410,China,Health Coach I,Kimia
821,Dasie,Fishburn,Male,35,dfishburnms@forbes.com,17 Forest Park,6376,Russia,Financial Advisor,Wikizz
822,Ruby,Jaqueme,Male,,rjaquememt@ucla.edu,22 Carberry Road,3099,Indonesia,Occupational Therapist,
823,Axe,Baudains,Female,59,abaudainsmu@linkedin.com,009 Shasta Crossing,3628,Nicaragua,Nuclear Power Engineer,Vinte
824,Udall,Fontell,Female,16,ufontellmv@wp.com,9576 2nd Street,4494,Nigeria,Civil Engineer,Twitterwire
825,Veronique,Blacklawe,Female,63,vblacklawemw@homestead.com,76 Holy Cross Trail,2651,Pakistan,Junior Executive,Thoughtworks
826,Portie,Mawman,Female,20,pmawmanmx@craigslist.org,8 Talmadge Terrace,5081,Indonesia,VP Quality Control,Jaloo
827,Adriano,Stubs,Male,57,astubsmy@springer.com,8241 Amoth Drive,4229,Portugal,Help Desk Technician,Zoozzy
828,Renaldo,Sills,Male,40,rsillsmz@odnoklassniki.ru,3 Scott Junction,2649,Japan,Budget/Accounting Analyst I,Dynava
829,Caresa,Le Pruvost,Male,27,clepruvostn0@friendfeed.com,8 Burrows Crossing,5816,Vietnam,Senior Developer,Geba
830,Dedie,Gypps,Male,26,dgyppsn1@nymag.com,2 Commercial Plaza,5198,Indonesia,Tax Accountant,Katz
831,Saleem,Keightley,Female,51,skeightleyn2@webnode.com,40950 Huxley Pass,4778,China,Structural Analysis Engineer,JumpXS
832,Donnell,Gartell,Female,45,dgartelln3@dyndns.org,66995 Independence Place,5051,Thailand,Software Test Engineer I,Brainsphere
833,Pail,Vyvyan,Male,36,pvyvyann4@1und1.de,922 Grayhawk Way,5983,Philippines,Data Coordiator,Wikido
834,Lian,Leishman,Female,56,lleishmann5@xing.com,39 Mosinee Drive,3325,Vietnam,Geologist I,Einti
835,Tore,Reddyhoff,Male,64,treddyhoffn6@prnewswire.com,84127 Cody Court,6249,Philippines,Physical Therapy Assistant,Kaymbo
836,Solly,Nunnerley,Female,17,snunnerleyn7@google.nl,00 Corscot Road,4713,Morocco,Statistician III,Pixonyx
837,Ansley,Dowle,Female,20,adowlen8@constantcontact.com,787 Schiller Parkway,4858,France,Quality Engineer,Ntag
838,Anastassia,Skeeles,Male,32,askeelesn9@foxnews.com,18031 3rd Avenue,5814,Pakistan,Statistician II,Divape
839,Drugi,Hallum,Female,56,dhallumna@123-reg.co.uk,92 Northport Terrace,2531,China,Environmental Specialist,Topicshots
840,Karia,Eynaud,Male,44,keynaudnb@ed.gov,8 Everett Street,3499,Nigeria,Safety Technician IV,Thoughtworks
841,Kirstyn,Enbury,Male,18,kenburync@ning.com,09 Sullivan Way,5279,Sweden,GIS Technical Architect,Zoonder
842,Julita,Stanger,Male,42,jstangernd@cmu.edu,0435 Fisk Terrace,2439,China,Automation Specialist II,Tazz
